Bab;Padişah Dönemi;Kişi;Sosyal Grup;İlişki Ağı (Genelde Kadınlar);NA Aile ilişkisi;NA Aile İlişkisi;NA Gelecek Nesil;Cinsiyet;Karar(Direkt);Karar (dolaylı);Etken Aktör;Sıfat-Söylem;Sıfat Değeri;Bizden;Öteki;Yaş;Ölüm Nedeni;;;;;;;;;;;;;;;
2;Pre - Osman;Süleyman Şah;Gazi;;;;;Erkek;n/a;n/a;n/a;Ulu;Olumlu;Evet;-;n/a;;;;;;;;;;;;;;;;
2;Pre - Osman;Süleyman Şah;Gazi;;;;;Erkek;n/a;n/a;n/a;Bahâdur;Olumlu;Evet;-;n/a;;;;;;;;;;;;;;;;
2;Pre - Osman;n/a;n/a;;;;;n/a;n/a;n/a;n/a;İhtirâz;Olumsuz;-;Evet;n/a;;;;;;;;;;;;;;;;
2;Pre - Osman;Sunkur Tigin;Gazi;;;;;Erkek;n/a;n/a;n/a;n/a;n/a;Evet;-;n/a;;;;;;;;;;;;;;;;
2;Pre - Osman;Küntogdı;Gazi;;;;;Erkek;n/a;n/a;n/a;n/a;n/a;Evet;-;n/a;;;;;;;;;;;;;;;;
2;Pre - Osman;Ertoñrul;Gazi;;;;;Erkek;n/a;n/a;n/a;n/a;n/a;Evet;-;n/a;;;;;;;;;;;;;;;;
2;Pre - Osman;Alâ'addîn;Sultan;;;;;Erkek;n/a;n/a;n/a;n/a;n/a;Evet;-;n/a;;;;;;;;;;;;;;;;
2;Pre - Osman;Bilecük;Tekür;;;;;Erkek;n/a;n/a;n/a;Mutî;Olumlu;-;Evet;n/a;;;;;;;;;;;;;;;;
2;Pre - Osman;Karacahisâr;Tekür;;;;;Erkek;n/a;n/a;n/a;Mutî;Olumlu;-;Evet;n/a;;;;;;;;;;;;;;;;
2;Pre - Osman;Sarı Yatu;Beg;;Ertuğrul'un Oğlu;Osman Gazi'nin Abisi;Bay Hoca, Süleyman Bey;Erkek;Sögüt Kışla;n/a;1;n/a;n/a;Evet;-;n/a;Ceng;;;;;;;;;;;;;;;
2;Pre - Osman;Alışıra;Beg;;;;;Erkek;n/a;n/a;n/a;Çavunur;Nötr;-;Evet;n/a;;;;;;;;;;;;;;;;
2;Pre - Osman;n/a;n/a;;;;;n/a;n/a;n/a;n/a;Adâvet;Olumsuz;-;Evet;n/a;;;;;;;;;;;;;;;;
2;Pre - Osman;n/a;Kafir;;;;;n/a;n/a;n/a;n/a;Müdâra;Olumlu;-;Evet;n/a;;;;;;;;;;;;;;;;
2;Pre - Osman;n/a;Kafir;;;;;n/a;n/a;n/a;n/a;Komşu;Olumlu;-;;n/a;;;;;;;;;;;;;;;;
2;Pre - Osman;n/a;n/a;;;;;n/a;n/a;n/a;n/a;n/a;n/a;-;Evet;n/a;;;;;;;;;;;;;;;;
2;Pre - Osman;n/a;n/a;;;;;n/a;n/a;n/a;n/a;n/a;n/a;-;Evet;n/a;;;;;;;;;;;;;;;;
2;Pre - Osman;n/a;n/a;;;;;n/a;n/a;n/a;n/a;Nesl-i Celî;Olumlu;Evet;-;n/a;;;;;;;;;;;;;;;;
2;Pre - Osman;Osman Gazi;Gazi;;;;;Erkek;n/a;n/a;n/a;Server;Olumlu;-;-;n/a;;;;;;;;;;;;;;;;
3;Osman Gazi;Aya Nikola;Kâfir;;;;;Erkek;n/a;n/a;n/a;Yağmacı;Olumsuz;-;Evet;n/a;;;;;;;;;;;;;;;;
3;Osman Gazi;Bilecük;Tekür;;;;;Erkek;n/a;n/a;n/a;İ'timâd;Olumlu;-;Evet;n/a;;;;;;;;;;;;;;;;
3;Osman Gazi;Eynegöl;Kâfir;;;;;Erkek;n/a;n/a;n/a;Sakıncalı;Olumsuz;-;Evet;n/a;;;;;;;;;;;;;;;;
3;Osman Gazi;Aratun;Martaloz;;;;;Erkek;n/a;n/a;n/a;n/a;n/a;Evet;-;n/a;;;;;;;;;;;;;;;;
4;Osman Gazi;Edebalı;Şeyh;;;;;Erkek;n/a;n/a;n/a;Azîz;Olumlu;Evet;-;125;;;;;;;;;;;;;;;;
4;Osman Gazi;Edebalı;Şeyh;;Osman Gazi'nin Hocası;Osman Gazi'nin Kayınbabası;Mahmut Paşa, Mehmet Paşa, Bala Hatun;Erkek;Evlilik;n/a;1;Kerametli;Olumlu;Evet;-;125;;;;;;;;;;;;;;;;
4;Osman Gazi;Malhûn;Hatun;;;;;Kadın;n/a;n/a;n/a;Helal;Olumlu;Evet;-;n/a;;;;;;;;;;;;;;;;
4;Osman Gazi;Tururoglı;Derviş;;;;;Erkek;n/a;n/a;n/a;Mürid;Olumlu;Evet;-;n/a;;;;;;;;;;;;;;;;
4;Osman Gazi;Mahmut Paşa;Şeyh ;;;;;Erkek;n/a;n/a;n/a;n/a;n/a;Evet;-;100+;;;;;;;;;;;;;;;;
5;Osman Gazi;Karacahisâr;Tekür;;;;;Erkek;n/a;n/a;n/a;n/a;n/a;-;Evet;n/a;;;;;;;;;;;;;;;;
5;Osman Gazi;Kalanoz kafiri;Kâfir;;;;;Erkek;n/a;n/a;n/a;İt;Olumsuz;-;Evet;n/a;;;;;;;;;;;;;;;;
6;Osman Gazi;Karacahisar teküri;Tekür;;;;;Erkek;n/a;n/a;n/a;Yagı;Olumsuz;-;Evet;n/a;;;;;;;;;;;;;;;;
6;Osman Gazi;Bayıcar;n/a;;;;;Erkek;n/a;n/a;n/a;n/a;n/a;-;Evet;n/a;;;;;;;;;;;;;;;;
6;Osman Gazi;Osman Gazi;Gazi;;;;;Erkek;n/a;n/a;n/a;Sa'âdet;Olumlu;Evet;-;n/a;;;;;;;;;;;;;;;;
7;Osman Gazi;n/a;Leşker;;;;;Erkek;n/a;n/a;n/a;Haya kesdiler;Olumsuz;-;Evet;n/a;Eziyet;;;;;;;;;;;;;;;
8;Osman Gazi;Aktemür;Beg;;;;;Erkek;n/a;n/a;n/a;n/a;n/a;Evet;-;n/a;;;;;;;;;;;;;;;;
8;Osman Gazi;Osman Gazi;Gazi;;;;;Erkek;n/a;n/a;n/a;Bezli;Olumlu;Evet;-;n/a;;;;;;;;;;;;;;;;
8;Osman Gazi;Osman Gazi;Gazi;;;;;Erkek;n/a;n/a;n/a;Adli;Olumlu;Evet;-;n/a;;;;;;;;;;;;;;;;
9;Osman Gazi;Gündüz;Gazi;;Ertuğrul Gazni'nin Oğlu;Osman Gazi'nin Kardeşi;;Erkek;Fetih Yöntemi;n/a;0;n/a;n/a;Evet;-;n/a;;;;;;;;;;;;;;;;
9;Osman Gazi;Bilecük;Tekür;;;;;Erkek;n/a;n/a;n/a;Dostlık;Olumlu;-;Evet;n/a;;;;;;;;;;;;;;;;
9;Osman Gazi;Köse Mihal;Beg;;;;;Erkek;n/a;n/a;n/a;Dostlık;Olumlu;-;Evet;n/a;;;;;;;;;;;;;;;;
9;Osman Gazi;n/a;n/a;;;;;n/a;n/a;n/a;n/a;Ceng;Olumsuz;-;Evet;n/a;;;;;;;;;;;;;;;;
9;Osman Gazi;n/a;n/a;;;;;n/a;n/a;n/a;n/a;Adâvet;Olumsuz;-;;n/a;;;;;;;;;;;;;;;;
9;Osman Gazi;Osman Gazi;Gazi;;;;;Erkek;n/a;n/a;n/a;Adil;Olumlu;Evet;-;n/a;;;;;;;;;;;;;;;;
10;Osman Gazi;n/a;Kâfir;;;;;n/a;n/a;n/a;n/a;Hidmetkar;Olumlu;-;Evet;n/a;;;;;;;;;;;;;;;;
10;Osman Gazi;Köse Mihal;Gazi;;Osman Gazi'nin Silah Arkadaşı;Paleologos Hanedanı;Mihaloğulları;Erkek;Ceng Yönü;n/a;1;Kılaguz/vuz;Olumlu;Evet;-;n/a;;;;;;;;;;;;;;;;
10;Osman Gazi;Samsa Çavuş;Gazi;;;;;Erkek;n/a;n/a;n/a;Hazır ;Olumlu;Evet;-;n/a;;;;;;;;;;;;;;;;
10;Osman Gazi;Samsa Çavuş;Gazi;;;;;Erkek;n/a;n/a;n/a;Müheyya;Olumlu;Evet;;n/a;;;;;;;;;;;;;;;;
10;Osman Gazi;Samsa Çavuş;Gazi;;;;;Erkek;n/a;n/a;n/a;Yoldaş;Olumlu;Evet;-;n/a;;;;;;;;;;;;;;;;
10;Osman Gazi;n/a;Kâfir;;;;;n/a;n/a;n/a;n/a;Müdara;Olumlu;-;Evet;n/a;;;;;;;;;;;;;;;;
10;Osman Gazi;n/a;Kâfir;;;;;n/a;n/a;n/a;n/a;Hürmet;Olumlu;-;;n/a;;;;;;;;;;;;;;;;
10;Osman Gazi;n/a;Kâfir;;;;;n/a;n/a;n/a;n/a;Komşu;Olumlu;-;;n/a;;;;;;;;;;;;;;;;
10;Osman Gazi;Bişteş;Şeyh;;Yol Üstü;;;Erkek;Su geçidi;n/a;1;n/a;n/a;Evet;n/a;n/a;;;;;;;;;;;;;;;;
11;Osman Gazi;Köse Mihal Kızı;n/a;;;;;Kadın;n/a;n/a;n/a;n/a;n/a;Evet;-;n/a;;;;;;;;;;;;;;;;
11;Osman Gazi;Gül Falanozuglu Begi;Beg;;;;;Erkek;n/a;n/a;n/a;Türk begi;n/a;Evet;-;n/a;;;;;;;;;;;;;;;;
12;Osman Gazi;Yarhisâr teküri;Tekür;;;;;Erkek;n/a;n/a;n/a;n/a;n/a;-;Evet;n/a;;;;;;;;;;;;;;;;
12;Osman Gazi;Aya Nikola;Tekür;;;;;Erkek;n/a;n/a;n/a;n/a;n/a;-;Evet;n/a;;;;;;;;;;;;;;;;
12;Osman Gazi;Turgut Alp;Gazi;;;;;Erkek;n/a;n/a;n/a;n/a;n/a;Evet;-;n/a;;;;;;;;;;;;;;;;
13;Osman Gazi;Lü'lüfer;n/a;;;;;Kadın;n/a;n/a;n/a;Selatin ankalar hatun dogurdı;Olumlu;Evet;-;n/a;;;;;;;;;;;;;;;;
13;Osman Gazi;Orhan Gāzi;Gazi;;;;;Erkek;n/a;n/a;n/a;Yigit;Olumlu;Evet;-;n/a;;;;;;;;;;;;;;;;
13;Osman Gazi;Süleyman Paşa;Gazi;;;;;Erkek;n/a;n/a;n/a;n/a;n/a;Evet;-;n/a;;;;;;;;;;;;;;;;
14;Osman Gazi;Tursun Fakıh;Anlatıcı;;;;;Erkek;n/a;n/a;n/a;Aziz;Olumlu;Evet;-;n/a;;;;;;;;;;;;;;;;
14;Osman Gazi;Tursun Fakıh;Anlatıcı;;;;;Erkek;n/a;n/a;n/a;Halka imamlık iden;Olumlu;Evet;;n/a;;;;;;;;;;;;;;;;
15;Osman Gazi;bir kişi;n/a;;;;;Erkek;n/a;Pazar akçe kanunu;1;Düşman;Olumsuz;-;Evet;n/a;;;;;;;;;;;;;;;;
16;Osman Gazi;Gündüz;Subaşı;;;;;Erkek;n/a;n/a;n/a;n/a;n/a;Evet;-;n/a;;;;;;;;;;;;;;;;
16;Osman Gazi;Hasan Alp;Gazi;;;;;Erkek;n/a;n/a;n/a;Yaray yoldaş;Olumlu;Evet;-;n/a;;;;;;;;;;;;;;;;
16;Osman Gazi;Turkut Alp;Gazi;;;;;Erkek;n/a;n/a;n/a;Aziz;Olumlu;Evet;-;n/a;;;;;;;;;;;;;;;;
16;Osman Gazi;Ala'addin Paşa;Paşa;;;;;Erkek;n/a;n/a;n/a;n/a;n/a;Evet;-;n/a;;;;;;;;;;;;;;;;
17;Osman Gazi;Bursa teküri;Tekür;;;;;Erkek;n/a;n/a;n/a;Azim leşker cem itdiler;Olumsuz;-;Evet;n/a;;;;;;;;;;;;;;;;
17;Osman Gazi;Edrenos teküri;Tekür;;;;;Erkek;n/a;n/a;n/a;Kaçdı;Olumsuz;-;Evet;n/a;;;;;;;;;;;;;;;;
17;Osman Gazi;Bedenos teküri;Tekür;;;;;Erkek;n/a;n/a;n/a;Düşdi;Olumsuz;-;Evet;n/a;;;;;;;;;;;;;;;;
17;Osman Gazi;Kestel teküri;Tekür;;;;;Erkek;n/a;n/a;n/a;Kaçdı;Olumsuz;-;Evet;;;;;;;;;;;;;;;;;
17;Osman Gazi;Kite teküri;Tekür;;;;;Erkek;n/a;n/a;n/a;Kaçdı;Olumsuz;-;Evet;;;;;;;;;;;;;;;;;
17;Osman Gazi;Ulubat teküri;Tekür;;;;;ERkek;Köprüden geçiş ahdı;n/a;1;n/a;n/a;-;Evet;;;;;;;;;;;;;;;;;
17;Osman Gazi;Aytogdı;Gazi;;;;;Erkek;n/a;n/a;n/a;n/a;n/a;Evet;-;n/a;Ceng;;;;;;;;;;;;;;;
18;Osman Gazi;Aktemür;Gazi;;;;;Erkek;n/a;n/a;n/a;Bahadır;Olumlu;Evet;-;;;;;;;;;;;;;;;;;
21;Osman Gazi;Orhan Gāzi;Gazi;;;;;Erkek;n/a;n/a;n/a;Tatar'ı karvadı;Olumlu;Evet;-;;;;;;;;;;;;;;;;;
21;Osman Gazi;Tatar Çavdar;n/a;;;;;Erkek;n/a;n/a;n/a;n/a;n/a;-;Evet;;;;;;;;;;;;;;;;;
21;Osman Gazi;Osman Gazi;Gazi;;;;;Erkek;Tatar'ı koyıvermek;n/a;n/a;n/a;n/a;Evet;-;;;;;;;;;;;;;;;;;
21;Osman Gazi;Çavdar Tatar'ın oğlu;n/a;;;;;Erkek;n/a;n/a;n/a;Komşu;Olumlu;-;Evet;;;;;;;;;;;;;;;;;
21;Osman Gazi;Yıldırım;Han;;;;;Erkek;n/a;n/a;n/a;n/a;n/a;Evet;-;;;;;;;;;;;;;;;;;
22;Osman Gazi;Osman Gazi;Gazi;;;;;Erkek;n/a;n/a;n/a;n/a;n/a;Evet;-;;;;;;;;;;;;;;;;;
22;Osman Gazi;Orhan Gāzi;Gazi;;;;;Erkek;Hisarı yagma idmek;n/a;n/a;Ceng idmek;Olumlu;Evet;-;;;;;;;;;;;;;;;;;
22;Osman Gazi;Akça Koca;Gazi;;;;;Erkek;n/a;n/a;n/a;Aziz;Olumlu;Evet;-;;;;;;;;;;;;;;;;;
22;Osman Gazi;Konur Alp;Gazi;;;;;Erkek;n/a;n/a;n/a;Aziz;Olumlu;Evet;-;;;;;;;;;;;;;;;;;
22;Osman Gazi;Gazi Abdurrahman;Gazi;;;;;Erkek;n/a;n/a;n/a;Aziz;Olumlu;Evet;-;;;;;;;;;;;;;;;;;
22;Osman Gazi;Köse Mihal;Gazi;;;;;Erkek;n/a;n/a;n/a;Aziz;Olumlu;Evet;-;;;;;;;;;;;;;;;;;
22;Osman Gazi;Samsa Çavuş;Gazi;;;;;Erkek;n/a;n/a;n/a;n/a;n/a;Evet;-;;;;;;;;;;;;;;;;;
23;Osman Gazi;Osman Gazi;Gazi;;;;;Erkek;n/a;n/a;n/a;Ayagında zahmet vakı'ı olmış;Olumsuz;Evet;-;;;;;;;;;;;;;;;;;
23;Osman Gazi;Orhan Gāzi;Gazi;;;;;Erkek;Hazineyi gazilere bahş itdü;n/a;n/a;n/a;n/a;Evet;-;;;;;;;;;;;;;;;;;
23;Osman Gazi;Bay Hoca;Şeyh;;;;;Erkek;n/a;n/a;n/a;n/a;n/a;Evet;-;;;;;;;;;;;;;;;;;
23;Osman Gazi;Köse Mihal;Gazi;;;;;Erkek;n/a;n/a;n/a;Yoldaş;Olumlu;Evet;-;;;;;;;;;;;;;;;;;
23;Osman Gazi;Turkut Alp;Gazi;;;;;Erkek;n/a;n/a;n/a;Yoldaş;Olumlu;Evet;-;;;;;;;;;;;;;;;;;
23;Osman Gazi;Şeyh Mahmud;Şeyh;;;;;Erkek;n/a;n/a;n/a;Allah dostu;Olumlu;Evet;-;;;;;;;;;;;;;;;;;
23;Osman Gazi;Edebalı;Şeyh;;;;;Erkek;n/a;n/a;n/a;n/a;n/a;Evet;-;;;;;;;;;;;;;;;;;
23;Osman Gazi;Ahı Hasan;Ahi;;;;;Erkek;n/a;n/a;n/a;n/a;n/a;Evet;-;;;;;;;;;;;;;;;;;
23;Osman Gazi;Baras Teküri;Tekür;;;;;Erkek;n/a;n/a;n/a;n/a;n/a;-;Evet;;;;;;;;;;;;;;;;;
23;Osman Gazi;Saroz;Vezir;;;;;Erkek;n/a;n/a;n/a;Çok malı var-ıdı;Olumlu;-;Evet;;;;;;;;;;;;;;;;;
24;Osman Gazi;Osman Gazi;Gazi;;;;;Erkek;n/a;n/a;n/a;n/a;n/a;Evet;-;;;;;;;;;;;;;;;;;
24;Osman Gazi;Orhan Gāzi;Gazi;;;;;Erkek;n/a;n/a;n/a;Ogul;Olumlu;Evet;-;;;;;;;;;;;;;;;;;
25;Osman Gazi;Konur Alp;Gazi;;;;;Erkek;n/a;n/a;n/a;Cenk ü gaza;Olumlu;Evet;-;;;;;;;;;;;;;;;;;
25;Osman Gazi;Gazi Rahman;Gazi;;;;;Erkek;n/a;n/a;n/a;Cenk ü gaza;Olumlu;Evet;-;;;;;;;;;;;;;;;;;
25;Osman Gazi;Akça koca;Gazi;;;;;Erkek;n/a;n/a;n/a;Cenk ü gaza;Olumlu;Evet;-;;;;;;;;;;;;;;;;;
25;Osman Gazi;Samandıra teküri;Tekür;;;;;Erkek;n/a;n/a;n/a;n/a;n/a;-;Evet;;;;;;;;;;;;;;;;;
25;Osman Gazi;Samandıra teküri oğlu;n/a;;;;;Erkek;n/a;n/a;n/a;n/a;n/a;-;Evet;;;;;;;;;;;;;;;;;
25;Osman Gazi;Orhan Gāzi;Gazi;;;;;Erkek;n/a;n/a;n/a;n/a;n/a;Evet;-;;;;;;;;;;;;;;;;;
25;Osman Gazi;İznikmid teküri;Tekür;;;;;Erkek;n/a;n/a;n/a;n/a;n/a;-;Evet;;;;;;;;;;;;;;;;;
25;Osman Gazi;İstanbol teküri;Tekür;;;;;Erkek;n/a;n/a;n/a;Cengi eksük degül;Nötr;-;Evet;;;;;;;;;;;;;;;;;
25;Osman Gazi;Aydos teküri;Tekür;;;;;Erkek;n/a;n/a;n/a;n/a;n/a;-;Evet;;;;;;;;;;;;;;;;;
26;Osman Gazi;Gazi Rahman;Gazi;;;;;Erkek;n/a;n/a;n/a;Server;Olumlu;Evet;-;;;;;;;;;;;;;;;;;
26;Osman Gazi;Akça koca;Gazi;;;;;Erkek;n/a;n/a;n/a;n/a;n/a;Evet;-;;;;;;;;;;;;;;;;;
26;Osman Gazi;Konur Alp;Gazi;;;;;Erkek;n/a;n/a;n/a;n/a;n/a;Evet;-;;;;;;;;;;;;;;;;;
26;Osman Gazi;Kapucı;n/a;;;;;Erkek;n/a;n/a;n/a;n/a;n/a;-;Evet;;;;;;;;;;;;;;;;;
27;Osman Gazi;Gazi Rahman;Gazi;;;;;Erkek;n/a;n/a;n/a;İstanbol'a dahı çok işler idüp turur;Olumlu;Evet;-;;;;;;;;;;;;;;;;;
27;Osman Gazi;Orhan;Gazi;;;;;Erkek;Kızı Gazi Rahman'a virdi;n/a;n/a;n/a;n/a;Evet;-;;;;;;;;;;;;;;;;;
27;Osman Gazi;Karaca Rahman;Gazi;;;;;Erkek;n/a;n/a;n/a;n/a;n/a;Evet;-;;;;;;;;;;;;;;;;;
27;Osman Gazi;Bayezid I;Padişah;;;;;Erkek;n/a;n/a;n/a;n/a;n/a;Evet;-;;;;;;;;;;;;;;;;;
28;Osman Gazi;Orhan Gāzi;Gazi;;;;;Erkek;n/a;n/a;n/a;n/a;n;Evet;-;;;;;;;;;;;;;;;;;
28;Osman Gazi;Edebalı;Şeyh;;;;;Erkek;n/a;n/a;n/a;Allah rahmetine vasıl oldu;Olumlu;Evet;-;;;;;;;;;;;;;;;;;
28;Osman Gazi;Osman Gazi;Gazi;;;;;Erkek;n/a;n/a;n/a;Allah rahmetine vasıl oldu;Olumlu;Evet;-;;;;;;;;;;;;;;;;;
28;Osman Gazi;Malhun;Hatun;;;;;Kadın;n/a;n/a;n/a;Allah rahmetine vasıl oldu;Olumlu;Evet;-;;;;;;;;;;;;;;;;;
29;Orhan Gazi;Osman Gazi;Gazi;;;;;Erkek;n/a;n/a;n/a;Allah rahmetine kavuşdu;Olumlu;Evet;-;;;;;;;;;;;;;;;;;
29;Orhan Gazi;Orhan Gāzi;Gazi;;;;;Erkek;Kodura köyi Alaaddin' virildi;n/a;1;Karındaş;Olumlu;Evet;-;;;;;;;;;;;;;;;;;
29;Orhan Gazi;Ala'addin Paşa;Paşa;;;;;Erkek;n/a;n/a;n/a;Karındaş;Olumlu;Evet;-;;;;;;;;;;;;;;;;;
29;Orhan Gazi;Ahı Hasan;Ahi;;;;;Erkek;n/a;n/a;n/a;n/a;n/a;Evet;-;;;;;;;;;;;;;;;;;
30;Orhan Gazi;Orhan Gāzi;Gazi;;;;;Erkek;n/a;n/a;n/a;n/a;n/a;Evet;-;;;;;;;;;;;;;;;;;
30;Orhan Gazi;Akça koca;Gazi;;;;;Erkek;n/a;n/a;n/a;n/a;n/a;Evet;-;;;;;;;;;;;;;;;;;
30;Orhan Gazi;Yalakonya;n/a;;;;;Kadın;n/a;Ahde sadık kalmak için kafirlerin çöpünün bile alınmaması;1;Hisarın sahibi;Olumlu;-;Evet;;gögsine ok tokundı;;;;;;;;;;;;;;;
30;Orhan Gazi;İstanbul teküri;Tekür;;;;;Erkek;n/a;n/a;n/a;n/a;n/a;-;Evet;;;;;;;;;;;;;;;;;
30;Orhan Gazi;Fazlullah Kadı;Kadı;;;;;Erkek;n/a;n/a;n/a;Akçakoca neslinden;Olumlu;Evet;-;;;;;;;;;;;;;;;;;
31;Orhan Gazi;Ala'addin Paşa;Paşa;;Osman Gazi'nin Oğlu;Orhan Gaznin Kardeşi;;Erkek;askeri nişan alâmeti;n/a;1;n/a;n/a;Evet;-;;;;;;;;;;;;;;;;;
31;Orhan Gazi;Orhan Gāzi;Padişah;;;;;Erkek;n/a;n/a;n/a;Padişah (ilk defa);Olumlu;Evet;-;;;;;;;;;;;;;;;;;
31;Orhan Gazi;Çandarlu Karaca;Beglerbegi;;;;;Erkek;n/a;n/a;n/a;Rüşvet alan;Olumsuz;Evet;-;;;;;;;;;;;;;;;;;
31;Orhan Gazi;Edebalı;Şeyh;;;;;Erkek;n/a;n/a;n/a;Kavmi Çandarlu'ya danışdı;Olumsuz;Evet;-;;;;;;;;;;;;;;;;;
31;Orhan Gazi;n/a;n/a;;;;;Erkek;n/a;n/a;n/a;Cünup;Olumsuz;-;Evet;;;;;;;;;;;;;;;;;
33;Orhan Gazi;Hacı Hasan;Aziz;;;;;Erkek;n/a;n/a;n/a;Aziz;Olumlu;Evet;-;;;;;;;;;;;;;;;;;
33;Orhan Gazi;Taceddin-i Kürdi;Şakirt;;;;;Erkek;n/a;n/a;n/a;n/a;n/a;Evet;-;;;;;;;;;;;;;;;;;
33;Orhan Gazi;Siracü'ddini Urmevi;Şakirt;;;;;Erkek;n/a;n/a;n/a;n/a;n/a;Evet;-;;;;;;;;;;;;;;;;;
34;Orhan Gazi;Süleyman Paşa;Gazi;;;;;Erkek;n/a;n/a;n/a;Ahd ılan (olan);Olumlu;Evet;-;;;;;;;;;;;;;;;;;
34;Orhan Gazi;Süleyman Paşa;Gazi;;;;;Erkek;n/a;n/a;n/a;Eman ılan (olan);Olumlu;Evet;;;;;;;;;;;;;;;;;;
34;Orhan Gazi;Murad I;Gazi;;;;;Erkek;n/a;n/a;n/a;n/a;n/a;Evet;-;;;;;;;;;;;;;;;;;
34;Orhan Gazi;Gündüz;Gazi;;;;;Erkek;n/a;n/a;n/a;n/a;n/a;Evet;-;;;;;;;;;;;;;;;;;
35;Orhan Gazi;Aclan Beg;Beg;;;;;Erkek;n/a;n/a;n/a;n/a;n/a;-;Evet;;;;;;;;;;;;;;;;;
35;Orhan Gazi;Tursun Beg;Beg;;Firuz Bey'in Oğlu;;Oğlu Hamza Bey;Erkek;Karesioglı fethi;n/a;1;n/a;n/a;Evet;-;;;;;;;;;;;;;;;;;
35;Orhan Gazi;Hacı İlbegi;Vezir;;Dursun Beyin Veziri;Karesioğullarından;Zehirlenerek;Erkek;n/a;Karesioglı fethi;1;n/a;n/a;Evet;-;;;;;;;;;;;;;;;;;
35;Orhan Gazi;Kalamestroya;n/a;Kirmastı'nın Sahibi;;;;Kadın;n/a;n/a;n/a;n/a;n/a;-;Evet;;;;;;;;;;;;;;;;;
35;Orhan Gazi;Mihalcı;n/a;Kalamastroya'nın kardeşi;;;;Erkek;n/a;n/a;n/a;n/a;n/a;-;Evet;;;;;;;;;;;;;;;;;
37;Orhan Gazi;Süleyman Paşa;Paşa;;;;;Erkek;n/a;n/a;n/a;n/a;n/a;Evet;-;;;;;;;;;;;;;;;;;
38;Orhan Gazi;Turgut Alp;Gazi;;;;;Erkek;n/a;n/a;n/a;Muhabbet;Olumlu;Evet;-;;;;;;;;;;;;;;;;;
38;Orhan Gazi;Turgut Alp;Gazi;;;;;Erkek;n/a;n/a;n/a;Musahabeti Pir oldı;Olumlu;Evet;;;;;;;;;;;;;;;;;;
38;Orhan Gazi;Baba İlyas;Derviş;;;;;Erkek;n/a;n/a;n/a;n/a;n/a;Evet;-;;;;;;;;;;;;;;;;;
38;Orhan Gazi;Ece Beg (Ya'kub Ece);Beg;;;;;Erkek;n/a;n/a;n/a;Begayet dilir;Olumlu;Evet;-;;;;;;;;;;;;;;;;;
38;Orhan Gazi;Ece Beg (Ya'kub Ece);Beg;;;;;Erkek;n/a;n/a;n/a;Aziz;Olumlu;Evet;;;;;;;;;;;;;;;;;;
38;Orhan Gazi;Gazi Fazıl;Gazi;;;;;Erkek;n/a;n/a;n/a;n/a;n/a;Evet;-;;;;;;;;;;;;;;;;;
40;Orhan Gazi;Kalakonya;Tekür;;;;;Erkek;n/a;n/a;n/a;Bahadır ve mel'un;Olumlu;-;Evet;;;;;;;;;;;;;;;;;
40;Orhan Gazi;Hacı İlbegi;Gazi;;;;;Erkek;n/a;n/a;n/a;n/a;n/a;Evet;;;;;;;;;;;;;;;;;;
41;Orhan Gazi;Evrenez;Gazi;;;;;Erkek;n/a;n/a;n/a;Yarar yoldaş;Olumlu;Evet;;;;;;;;;;;;;;;;;;
41;Orhan Gazi;Süleyman Paşa;Paşa;;;;;Erkek;n/a;n/a;n/a;n/a;n/a;Evet;;;Attan Düşme;;;;;;;;;;;;;;;
42;Orhan Gazi;Çandarlı Halil;Kadı;;;;;Erkek;n/a;n/a;n/a;n/a;n/a;Evet;;;;;;;;;;;;;;;;;;
45;Murad I;Murad I;Gazi;;;;;Erkek;n/a;n/a;n/a;Bahtı açık (devlet-ile);Olumlu;Evet;;;;;;;;;;;;;;;;;;
45;Murad I;Kara Rüstem;n/a;;?;?;?;Erkek;Esirden akça ;n/a;1;Dânişmend;Olumlu;Evet;;;;;;;;;;;;;;;;;;
45;Murad I;Şahin;Lala/Uç begi;;;;;Erkek;n/a;n/a;n/a;n/a;n/a;Evet;;;;;;;;;;;;;;;;;;
45;Murad I;Evrenez;Uç Begi;;;;;Erkek;n/a;n/a;n/a;n/a;n/a;Evet;;;;;;;;;;;;;;;;;;
45;Murad I;Çandarlı Halil;Kadıasker;;Şeyh Edebalı ile Bacanak;Çendere Köyü Ali'nin Oğlu;Ali Paşa-İbrahim Paşa;Erkek;Esirden akça;n/a;1;Dânişmend;Olumlu;Evet;;;;;;;;;;;;;;;;;;
45;Murad I;Çandarlı Halil;Vezir;;Şeyh Edebalı ile Bacanak;Çendere Köyü Ali'nin Oğlu;Ali Paşa-İbrahim Paşa;Erkek;Yiñiçeri;n/a;1;n/a;n/a;Evet;;;;;;;;;;;;;;;;;;
46;Murad I;Şahin;Lala/Rumeli Beglerbegi;;;;;Erkek;n/a;n/a;n/a;n/a;n/a;Evet;;;;;;;;;;;;;;;;;;
46;Murad I;Çandarlı Halil;Vezir;;;;;Erkek;n/a;n/a;n/a;Hayreddin;Olumlu;Evet;;;;;;;;;;;;;;;;;;
48;Murad I;n/a;Kâfirler;;;;;;n/a;n/a;n/a;Panik;Olumsuz;-;Evet;;;;;;;;;;;;;;;;;
48;Murad I;Postîn-pûş;Dervîş;;;;;Erkek;n/a;n/a;n/a;n/a;n/a;Evet;;;;;;;;;;;;;;;;;;
49;Murad I;Ishak Fakı;Ilçi;;;;;Erkek;n/a;n/a;n/a;n/a;n/a;-;Evet;;;;;;;;;;;;;;;;;
50;Murad I;Sultân Hatun;n/a;Yıldırım Han'ın Eşi;;;;Kadın;n/a;n/a;n/a;n/a;n/a;-;Evet;n/a;n/a;;;;;;;;;;;;;;;
50;Murad I;Gazi Evrenez;Gazi;;;;;Erkek;n/a;n/a;n/a;Cömert;Olumlu;Evet;;n/a;n/a;;;;;;;;;;;;;;;
50;Murad I;n/a;Ilçi;;;;;Erkek;n/a;n/a;n/a;Cem'i ilçilerin üstü;Olumlu;Evet;;n/a;n/a;;;;;;;;;;;;;;;
50;Murad I;Murad I;Padişah;;;;;Erkek;n/a;n/a;n/a;Cömert;Olumlu;Evet;;n/a;n/a;;;;;;;;;;;;;;;
51;Murad I;Koca Efendi;Kadı;;;;;Erkek;n/a;n/a;n/a;Eren;Olumlu;Evet;;n/a;n/a;;;;;;;;;;;;;;;
51;Murad I;Aksunkar Aga;Kapukulu;;;;;Erkek;n/a;n/a;n/a;Kapıkulu;Olumlu;Evet;;n/a;n/a;;;;;;;;;;;;;;;
51;Murad I;Aksunkar Aga;Kapukulu;;;;;Erkek;n/a;n/a;n/a;Emîr-'alem;Olumlu;Evet;;n/a;n/a;;;;;;;;;;;;;;;
51;Murad I;Süle Çavuş;Çavuşbaşı;;;;;Erkek;n/a;n/a;n/a;n/a;n/a;Evet;;n/a;n/a;;;;;;;;;;;;;;;
51;Murad I;Temür Han Çavuş;Çavuşbaşı;;;;;Erkek;n/a;n/a;n/a;n/a;n/a;Evet;;n/a;n/a;;;;;;;;;;;;;;;
51;Murad I;Kadı'nın hatunı;n/a;Koca Efendi'nin eşi;;;;Kadın;n/a;n/a;n/a;n/a;n/a;Evet;-;n/a;n/a;;;;;;;;;;;;;;;
51;Murad I;Bâyezıd Hân'ın dadusı;Dadu;Bâyezıd Hân'ın dadusı;;;;Kadın;n/a;n/a;n/a;n/a;n/a;Evet;-;n/a;n/a;;;;;;;;;;;;;;;
51;Murad I;Aksunkur'un hatunı;n/a;Aksunkur'un hatunı;;;;Kadın;n/a;n/a;n/a;n/a;n/a;Evet;-;n/a;n/a;;;;;;;;;;;;;;;
51;Murad I;Paşacuk Aga;Çaşnigir-başı;;;;;Erkek;n/a;n/a;n/a;Osman kapusuna mukarreb;Olumlu;Evet;;n/a;n/a;;;;;;;;;;;;;;;
51;Murad I;Bayezid I;Padişah;;;;;Erkek;n/a;n/a;n/a;n/a;n/a;Evet;;n/a;n/a;;;;;;;;;;;;;;;
51;Murad I;Elvan Beg;Çaşnigir-başı;;;;;Erkek;n/a;n/a;n/a;Osman kapusuna mukarreb;Olumlu;Evet;;n/a;n/a;;;;;;;;;;;;;;;
52;Murad I;Murad I;Gazi;;;;;Erkek;n/a;n/a;n/a;n/a;n/a;Evet;;n/a;n/a;;;;;;;;;;;;;;;
52;Murad I;n/a;İlçi;;;;;Erkek;n/a;n/a;n/a;n/a;n/a;-;;n/a;n/a;;;;;;;;;;;;;;;
52;Murad I;Hüseyin Beg;Beg;;Hamitoğulları 2. Beyi;;1. Kosova'da birliği olanMustafa Bey;Erkek;Senetle Satın alma ahdi;n/a;1;n/a;n/a;-;;n/a;n/a;;;;;;;;;;;;;;;
53;Murad I;Murad I;Gazi;;;;;Erkek;n/a;n/a;n/a;Leşker cem;Olumlu;Evet;-;n/a;n/a;;;;;;;;;;;;;;;
53;Murad I;Gazi Evrenez;Gazi;;;;;Erkek;n/a;n/a;n/a;n/a;n/a;Evet;-;n/a;n/a;;;;;;;;;;;;;;;
53;Murad I;Lala Şahin;Gazi;;;;;Erkek;n/a;n/a;n/a;n/a;n/a;Evet;-;n/a;n/a;;;;;;;;;;;;;;;
54;Murad I;Vezir Hayreddin Paşa;Vezir;;;;;Erkek;n/a;n/a;n/a;n/a;n/a;Evet;-;n/a;n/a;;;;;;;;;;;;;;;
54;Murad I;Gazi Evrenez;Gazi;;;;;Erkek;n/a;n/a;n/a;n/a;n/a;Evet;-;n/a;n/a;;;;;;;;;;;;;;;
54;Murad I;Delü Balaban;Gazi;;;;;Erkek;n/a;n/a;n/a;n/a;n/a;Evet;;n/a;n/a;;;;;;;;;;;;;;;
55;Murad I;Lala Şahin;Gazi;;;;;Erkek;n/a;n/a;n/a;n/a;n/a;Evet;-;n/a;n/a;;;;;;;;;;;;;;;
55;Murad I;Kara Temür Paşa;Beglerbegi;;;;;Erkek;n/a;n/a;n/a;n/a;n/a;Evet;-;n/a;n/a;;;;;;;;;;;;;;;
56;Murad I;Murad I;Gazi;;;;;Erkek;n/a;n/a;n/a;n/a;n/a;Evet;-;n/a;Suikast;;;;;;;;;;;;;;;
56;Murad I;Laz Kıralı;Kral;;;;;Erkek;n/a;n/a;n/a;Karındaşım Han;Olumlu;-;Evet;n/a;Suikast;;;;;;;;;;;;;;;
56;Murad I;Bayezid I;Padişah;;;;;Erkek;n/a;n/a;n/a;Eyü cenkler itdü;Olumlu;Evet;;n/a;n/a;;;;;;;;;;;;;;;
56;Murad I;Ya'kub Çelebi;Beg;;;;;Erkek;n/a;n/a;n/a;Eyü cenkler itdü;Olumlu;Evet;;n/a;Suikast;;;;;;;;;;;;;;;
56;Murad I;Mileş Kübile;Kafir;;;;;Erkek;n/a;n/a;n/a;Kafir;Olumsuz;-;Evet;n/a;n/a;;;;;;;;;;;;;;;
57;Bayezid I ;Bayezid I;Padişah;;;;;Erkek;n/a;n/a;n/a;n/a;n/a;Evet;;n/a;;;;;;;;;;;;;;;;
57;Bayezid I ;Paşa Yigit Beg;Beg;;;;;Erkek;n/a;n/a;n/a;n/a;n/a;Evet;;n/a;;;;;;;;;;;;;;;;
57;Bayezid I ;İshak Beg;Beg;;;;;Erkek;n/a;n/a;n/a;n/a;n/a;Evet;;n/a;;;;;;;;;;;;;;;;
57;Bayezid I ;Firiz Beg;Beg;İshak Beg'in efendisi;;;;Erkek;n/a;n/a;n/a;n/a;n/a;Evet;;n/a;;;;;;;;;;;;;;;;
57;Bayezid I ;İshak Beg;Beg;;;;;Erkek;n/a;n/a;n/a;n/a;n/a;Evet;;n/a;;;;;;;;;;;;;;;;
57;Bayezid I ;Kara Temürtaş;Beglerbegi;;;;;Erkek;n/a;n/a;n/a;Begler begi;Olumlu;Evet;-;n/a;;;;;;;;;;;;;;;;
58;Bayezid I ;Aydınoğlı;n/a;;;;;Erkek;n/a;n/a;n/a;Ol vakt İslam arasında kalmış;Olumsuz;-;;n/a;;;;;;;;;;;;;;;;
58;Bayezid I ;Aydınoğlı;n/a;;;;;Erkek;n/a;n/a;n/a;Padişahı kafir;Olumsuz;-;;n/a;;;;;;;;;;;;;;;;
58;Bayezid I ;Bayezid I;Padişah;;;;;Erkek;n/a;n/a;n/a;n/a;n/a;Evet;-;n/a;;;;;;;;;;;;;;;;
58;Bayezid I ;n/a;n/a;Timur'a sığınır;;;;Erkek;n/a;n/a;n/a;Hayin;Olumsuz;-;Evet;n/a;;;;;;;;;;;;;;;;
58;Bayezid I ;Timur;Padişah;;;;;Erkek;n/a;n/a;n/a;n/a;n/a;-;Evet;n/a;;;;;;;;;;;;;;;;
59;Bayezid I ;Bayezid I;Padişah;;;;;Erkek;n/a;n/a;n/a;Azim leşker;Olumlu;Evet;-;n/a;;;;;;;;;;;;;;;;
59;Bayezid I ;Kara Temürtaş;Gazi;Umur Beg;Osman Bey’in silâh arkadaşlarından Aykut Alp;;Yahşi, Oruç, Ali ve Umur;Erkek;İstanbul kuşatması;n/a;1;n/a;n/a;Evet;;n/a;;;;;;;;;;;;;;;;
59;Bayezid I ;İstanbol teküri;Tekür;;;;;Erkek;n/a;n/a;n/a;Müfsid kafir;Olumsuz;-;Evet;n/a;;;;;;;;;;;;;;;;
59;Bayezid I ;Üngürüz Kıralı;Kral;;;;;Erkek;n/a;n/a;n/a;n/a;n/a;-;Evet;n/a;;;;;;;;;;;;;;;;
60;Bayezid I ;Bayezid I;Padişah;;;;;Erkek;n/a;n/a;n/a;Azim leşker cem;n/a;Evet;-;n/a;;;;;;;;;;;;;;;;
60;Bayezid I ;İstanbul teküri;Tekür;;;;;Erkek;n/a;n/a;n/a;n/a;n/a;-;Evet;n/a;;;;;;;;;;;;;;;;
60;Bayezid I ;Ali Paşa;Paşa;;;;;Erkek;n/a;n/a;n/a;n/a;n/a;Evet;;n/a;;;;;;;;;;;;;;;;
60;Bayezid I ;Timur;Padişah;;;;;Erkek;n/a;n/a;n/a;n/a;n/a;-;Evet;n/a;;;;;;;;;;;;;;;;
62;Bayezid I ;Kızkarındaş(Vılkoglu);n/a;;;;;Kadın;n/a;n/a;n/a;Mahbube;Olumlu;-;Evet;n/a;;;;;;;;;;;;;;;;
62;Bayezid I ;Ali Paşa;Paşa;;Çandarlı Halil Paşa'nın Oğlu;;;Erkek;Sohbet Erbabı;n/a;1;n/a;n/a;Evet;;n/a;;;;;;;;;;;;;;;;
62;Bayezid I ;Çandarlı Halil;Vezir;;;;;Erkek;n/a;n/a;n/a;Hilekar;Olumsuz;Evet;;n/a;;;;;;;;;;;;;;;;
62;Bayezid I ;Kara Rüstem;n/a;;;;;Erkek;n/a;n/a;n/a;Hilekar;Olumsuz;Evet;;n/a;;;;;;;;;;;;;;;;
62;Bayezid I ;Ali Paşa;Paşa;;;;;Erkek;n/a;n/a;n/a;Danışmend;Olumlu;Evet;;n/a;;;;;;;;;;;;;;;;
62;Bayezid I ;Ali Paşa;Paşa;;;;;Erkek;n/a;n/a;n/a;Zevvak;Olumsuz;Evet;;n/a;;;;;;;;;;;;;;;;
62;Bayezid I ;Ali PAaşa;Paşa;;;;;Erkek;n/a;n/a;n/a;Hayran u aciz;Olumsuz;Evet;;n/a;;;;;;;;;;;;;;;;
62;Bayezid I ;Maskara Arap;Nedim;;;;;Erkek;n/a;n/a;n/a;Devletsuz;Olumsuz;Evet;;n/a;;;;;;;;;;;;;;;;
62;Bayezid I ;Maskara Arap;Nedim;;;;;Erkek;n/a;n/a;n/a;İt;Olumsuz;Evet;;n/a;;;;;;;;;;;;;;;;
62;Bayezid I ;Maskara Arap;Nedim;;Soytarı;;;Erkek;Kadılığı Keşişlere verme;n/a;0;n/a;n/a;Evet;;n/a;;;;;;;;;;;;;;;;
62;Bayezid I ;Ali Paşa;Paşa;;;;;Erkek;n/a;n/a;n/a;Günahkar;Olumsuz;-;;n/a;;;;;;;;;;;;;;;;
63;Bayezid I ;n/a;n/a;;;;;n/a;n/a;n/a;n/a;Zalim;Olumsuz;-;Evet;n/a;;;;;;;;;;;;;;;;
63;Bayezid I ;Bayezid I;Padişah;;;;;Erkek;n/a;n/a;n/a;Adil;Olumlu;Evet;;n/a;;;;;;;;;;;;;;;;
63;Bayezid I ;Bayezid I;Padişah;;;;;Erkek;n/a;n/a;n/a;Merhametli;Olumlu;Evet;;n/a;;;;;;;;;;;;;;;;
63;Bayezid I ;Karamanoglı;n/a;;;;;Erkek;n/a;n/a;n/a;Aciz;Olumsuz;-;Evet;n/a;;;;;;;;;;;;;;;;
64;Bayezid I ;İsfendiyar;Beg;;;;;Erkek;Yer ihsan edilmesi;n/a;1;n/a;n/a;-;Evet;n/a;;;;;;;;;;;;;;;;
65;Bayezid I ;Taharten;Beg;;;;;Erkek;n/a;n/a;n/a;Düşman;Olumsuz;-;Evet;n/a;;;;;;;;;;;;;;;;
66;Bayezid I ;Germiyanoglı;Beg;;;;;Erkek;n/a;n/a;n/a;Iblis;Olumsuz;-;Evet;n/a;;;;;;;;;;;;;;;;
66;Bayezid I ;Menteşeoglı;Beg;;;;;Erkek;n/a;n/a;n/a;Rezil;Olumsuz;-;Evet;n/a;;;;;;;;;;;;;;;;
66;Bayezid I ;Timur;Padişah;;;;;Erkek;n/a;n/a;n/a;Lanetli;Olumsuz;-;Evet;n/a;;;;;;;;;;;;;;;;
66;Bayezid I ;Bayezid I;Padişah;;;;;Erkek;n/a;n/a;n/a;Gazi;Olumlu;Evet;;n/a;;;;;;;;;;;;;;;;
66;Bayezid I ;Timur;Padişah;;;;;Erkek;n/a;n/a;n/a;Mürevvet ;Olumlu;;Evet;n/a;;;;;;;;;;;;;;;;
66;Bayezid I ;Timur;Padişah;;;;;Erkek;n/a;n/a;n/a;İhsan;Olumlu;;;n/a;;;;;;;;;;;;;;;;
66;Bayezid I ;Paşalar;Paşalar;;;;;Erkek;Timura saldırı reddi;n/a;1;n/a;n/a;Evet;;n/a;;;;;;;;;;;;;;;;
66;Bayezid I ;Bayezid I;Padişah;;;;;Erkek;n/a;n/a;n/a;Yalnız;Olumsuz;Evet;;n/a;;;;;;;;;;;;;;;;
66;Bayezid I ;Timur;Padişah;;;;;Erkek;n/a;n/a;n/a;Zalim;Olumsuz;-;Evet;n/a;;;;;;;;;;;;;;;;
66;Bayezid I ;Timur;Padişah;;;;;Erkek;n/a;n/a;n/a;A'zamü'l-eşirrâ;Olumsuz;-;Evet;n/a;;;;;;;;;;;;;;;;
66;Bayezid I ;Vezirler;Vezir;;;;;Erkek;Serahor çıkarma;n/a;1;n/a;n/a;Evet;;n/a;;;;;;;;;;;;;;;;
66;Bayezid I ;n/a;n/a;;;;;n/a;n/a;n/a;n/a;Hayin;Olumsuz;-;Evet;n/a;;;;;;;;;;;;;;;;
66;Bayezid I ;n/a;n/a;;;;;n/a;n/a;n/a;n/a;Hayin;Olumsuz;-;Evet;n/a;;;;;;;;;;;;;;;;
66;Bayezid I ;Koca Nayib;Naib;;;;;Erkek;n/a;n/a;n/a;Has solak;Olumlu;Evet;;n/a;;;;;;;;;;;;;;;;
66;Bayezid I ;Koca Nayib;Hisar dizdarı;;;;;Erkek;n/a;n/a;n/a;Hisar dizdarı;n/a;Evet;;n/a;;;;;;;;;;;;;;;;
66;Bayezid I ;Koca Nayib;Naib;;;;;Erkek;n/a;n/a;n/a;n/a;n/a;Evet;;n/a;;;;;;;;;;;;;;;;
66;Bayezid I ;Timur;Padişah;;;;;Erkek;n/a;n/a;n/a;Zalim;Olumsuz;-;Evet;n/a;;;;;;;;;;;;;;;;
67;Fetret;Emir Süleyman;Şehzade;;;;;Erkek;n/a;n/a;n/a;n/a;n/a;Evet;;n/a;;;;;;;;;;;;;;;;
68;Fetret;Kör Şahmelik;Vezir;;;;;Erkek;n/a;n/a;n/a;Hilekar;Olumsuz;Evet;;n/a;;;;;;;;;;;;;;;;
68;Fetret;Mihaloğlu Mehmed;Rumeli Beylerbeyi;;;;;Erkek;n/a;n/a;n/a;n/a;n/a;Evet;;n/a;;;;;;;;;;;;;;;;
68;Fetret;Simavna Kadısıoğlu;Kadıasker;;;;;Erkek;n/a;n/a;n/a;n/a;n/a;Evet;;n/a;;;;;;;;;;;;;;;;
68;Fetret;Azab Bey;Emir-i Alem;;;;;Erkek;n/a;n/a;n/a;n/a;n/a;Evet;;n/a;;;;;;;;;;;;;;;;
68;Fetret;Fazullah;Kadı;;;;;Erkek;n/a;n/a;n/a;n/a;n/a;Evet;;n/a;;;;;;;;;;;;;;;;
69;Mehmed I;İsa, Mehmed, Emir Süleyman;Şehzade;;;;;Erkek;n/a;n/a;n/a;Ahmak;Olumsuz;Evet;Evet;n/a;;;;;;;;;;;;;;;;
70;Mehmed I;Hacı İvaz Paşa;Subaşı;;;;;Erkek;n/a;Halkı silahlandırma;1;n/a;n/a;Evet;-;n/a;;;;;;;;;;;;;;;;
70;Mehmed I;Musi;Beg;;;;;Erkek;n/a;n/a;n/a;n/a;n/a;Evet;-;n/a;;;;;;;;;;;;;;;;
70;Mehmed I;Karamürsel;Kadıasker;;;;;Erkek;n/a;n/a;n/a;n/a;n/a;Evet;-;n/a;;;;;;;;;;;;;;;;
71;Mehmed I;Emir Süleyman;Tekür;;;;;Erkek;n/a;n/a;n/a;Karındaşım;Olumlu;Evet;-;n/a;;;;;;;;;;;;;;;;
71;Mehmed I;Mehmed I;Hanedan;;;;;Erkek;n/a;n/a;n/a;n/a;n/a;Evet;-;n/a;;;;;;;;;;;;;;;;
71;Mehmed I;Derzibaşı Zaganos;Lala;;;;;Erkek;n/a;n/a;n/a;n/a;n/a;Evet;-;n/a;;;;;;;;;;;;;;;;
72;Mehmed I;Kasım Beg;Beg;;;;;Erkek;n/a;n/a;n/a;n/a;n/a;-;Evet;n/a;;;;;;;;;;;;;;;;
73;Mehmed I;Muhammed Karamanoglı;Sultan;;;;;Erkek;n/a;n/a;n/a;Adavet;Olumsuz;-;Evet;n/a;;;;;;;;;;;;;;;;
73;Mehmed I;Muhammed Karamanoglı;Sultan;;;;;Erkek;n/a;n/a;n/a;Bezbaht;Olumsuz;-;Evet;n/a;;;;;;;;;;;;;;;;
74;Mehmed I;Bayezid Paşa;Paşa;;;;;Erkek;n/a;n/a;n/a;Va'iz Muhammed;Olumlu;Evet;-;n/a;;;;;;;;;;;;;;;;
75;Mehmed I;Baçaroglı Hamza Beg;Rum Beglerbegisi;;;;;Erkek;n/a;n/a;n/a;n/a;n/a;Evet;-;n/a;;;;;;;;;;;;;;;;
75;Mehmed I;Hızır Beg;Beg;;;;;Erkek;n/a;n/a;n/a;Dostlugumuz ördeg ile kaz konşılıgına benzer;Olumlu;-;Evet;n/a;;;;;;;;;;;;;;;;
76;Mehmed I;Minnet Beg;Beg;;;;;Erkek;n/a;n/a;n/a;Bunları sürüp Rumiline geçirmek gerek;Olumsuz;Evet;-;n/a;;;;;;;;;;;;;;;;
76;Mehmed I;Tatar Samakavoglı;n/a;;;;;Erkek;n/a;n/a;n/a;Bunları sürüp Rumiline geçirmek gerek;Olumsuz;Evet;-;n/a;;;;;;;;;;;;;;;;
77;Mehmed I;Simavna Kadısı;Kadı;;;;;Erkek;n/a;n/a;n/a;Mürai;Olumsuz;-;Evet;n/a;;;;;;;;;;;;;;;;
77;Mehmed I;Börklüce Mustafa;n/a;;;;;Erkek;n/a;n/a;n/a;n/a;n/a;-;Evet;n/a;Paralandı;;;;;;;;;;;;;;;
77;Mehmed I;Torlak Ho Kemal;n/a;;;;;Erkek;n/a;n/a;n/a;n/a;n/a;-;Evet;n/a;Asıldı;;;;;;;;;;;;;;;
78;Mehmed I;Mevlana Haydar;Danişmend;;;;;Erkek;n/a;n/a;n/a;Danişmend;n/a;Evet;-;n/a;;;;;;;;;;;;;;;;
80;Mehmed I;Çaşnigibaşı Elvan Beg;Beg;;;;;Erkek;n/a;n/a;n/a;n/a;n/a;Evet;-;n/a;;;;;;;;;;;;;;;;
80;Mehmed I;Hacı İvaz Paşa;Vezir;;;;;Erkek;Sultân Muhammed'in ölümünden sonra divanı toplama;;1;n/a;n/a;Evet;-;n/a;;;;;;;;;;;;;;;;
80;Mehmed I;Bayezid Paşa;Vezir;;;;;Erkek;Sultân Muhammed'in ölümünden sonra divanı toplama;;1;n/a;n/a;Evet;-;n/a;;;;;;;;;;;;;;;;
80;Mehmed I;İbrahim Paşa;Vezir;;;;;Erkek;Sultân Muhammed'in ölümünden sonra divanı toplama;;1;n/a;n/a;Evet;-;n/a;;;;;;;;;;;;;;;;
80;Mehmed I;Gûrdüzen;Hekim;;;;;Erkek;n/a;n/a;n/a;San'at-ıla;Olumlu;Evet;;n/a;;;;;;;;;;;;;;;;
81;Murad II;Murad II;Padişah;;;;;Erkek;n/a;n/a;n/a;n/a;n/a;Evet;-;n/a;;;;;;;;;;;;;;;;
81;Murad II;Mehmed I;Padişah;;;;;Erkek;n/a;n/a;n/a;n/a;;Evet;-;n/a;;;;;;;;;;;;;;;;
81;Murad II;İzmiroglı;Beg;;;;;Erkek;n/a;n/a;n/a;Deprenmek;Olumsuz;-;Evet;n/a;;;;;;;;;;;;;;;;
81;Murad II;Menteşeoglı;Beg;;;;;Erkek;n/a;n/a;n/a;Deprenmek;Olumsuz;-;Evet;n/a;;;;;;;;;;;;;;;;
82;Murad II;Düzme;n/a;;;;;Erkek;n/a;n/a;n/a;Düzme;Olumsuz;-;;n/a;;;;;;;;;;;;;;;;
82;Murad II;Evrenez oglanları;n/a;;;;;Erkek;n/a;n/a;n/a;n/a;n/a;;;n/a;;;;;;;;;;;;;;;;
82;Murad II;Bayezid Paşa;Beglerbegi;;;;;Erkek;n/a;n/a;n/a;Rumili'nün beglerbegisi;Olumlu;Evet;;n/a;Şehid oldu;;;;;;;;;;;;;;;
82;Murad II;İzmiroglı Cüneyd Beg;Beg;;;;;Erkek;n/a;n/a;n/a;n/a;n/a;Evet;;n/a;;;;;;;;;;;;;;;;
83;Murad II;Düzme Mustafa;n/a;;;;;Erkek;n/a;n/a;n/a;Hâyin;Olumsuz;Evet;;n/a;;;;;;;;;;;;;;;;
83;Murad II;İbrahim Paşa;Paşa;;;;;Erkek;Mihaloglı Muhammed Begi Tokat haspinden çıkaralar ve Sultân Murâd'ı getireler;n/a;1;n/a;n/a;Evet;;n/a;;;;;;;;;;;;;;;;
83;Murad II;Hacı İvaz Paşa;Paşa;;;;;Erkek;Mihaloglı Muhammed Begi Tokat haspinden çıkaralar ve Sultân Murâd'ı getireler;n/a;1;n/a;n/a;Evet;;n/a;;;;;;;;;;;;;;;;
83;Murad II;Temürtaş ;Paşa;;;;;Erkek;Mihaloglı Muhammed Begi Tokat haspinden çıkaralar ve Sultân Murâd'ı getireler;n/a;1;n/a;n/a;Evet;;n/a;;;;;;;;;;;;;;;;
83;Murad II;Umur Paşa;Paşa;;;;;Erkek;Mihaloglı Muhammed Begi Tokat haspinden çıkaralar ve Sultân Murâd'ı getireler;n/a;1;n/a;n/a;Evet;;n/a;;;;;;;;;;;;;;;;
83;Murad II;Oruç Paşa;Paşa;;;;;Erkek;Mihaloglı Muhammed Begi Tokat haspinden çıkaralar ve Sultân Murâd'ı getireler;n/a;1;n/a;n/a;Evet;;n/a;;;;;;;;;;;;;;;;
83;Murad II;Ali Paşa;Paşa;;;;;Erkek;Mihaloglı Muhammed Begi Tokat haspinden çıkaralar ve Sultân Murâd'ı getireler;n/a;1;n/a;n/a;Evet;;n/a;;;;;;;;;;;;;;;;
83;Murad II;Muhammed Beg;Beg;;;;;Erkek;n/a;n/a;n/a;n/a;n/a;Evet;;n/a;;;;;;;;;;;;;;;;
83;Murad II;Türk Turhan;n/a;;;;;Erkek;n/a;n/a;n/a;Hayin;Olumsuz;-;;n/a;;;;;;;;;;;;;;;;
84;Murad II;İbrahim Paşa;Paşa;;;;;Erkek;n/a;n/a;n/a;n/a;n/a;Evet;;n/a;;;;;;;;;;;;;;;;
84;Murad II;Muhammed Beg;Beg;;;;;Erkek;n/a;n/a;n/a;Fesada virdi;Olumsuz;-;Evet;n/a;;;;;;;;;;;;;;;;
85;Murad II;Düzme Mustafa;Düzme;;;;;Erkek;n/a;n/a;n/a;Kaçtı;Olumsuz;-;Evet;n/a;;;;;;;;;;;;;;;;
85;Murad II;Biga Kadısı;Kadı;;;;;Erkek;n/a;n/a;n/a;Geçüd gösterdi;Olumsuz;Evet;;n/a;Asılarak;;;;;;;;;;;;;;;
85;Murad II;Murad II;Padişah;;;;;Erkek;n/a;n/a;n/a;n/a;Olumsuz;Evet;-;n/a;;;;;;;;;;;;;;;;
86;Murad II;Murad II;Padişah;;;;;Erkek;n/a;n/a;n/a;Tâ'zim;Olumlu;Evet;;n/a;;;;;;;;;;;;;;;;
86;Murad II;Taharetsüz Hatib;Ameldar;;;;;Erkek;n/a;n/a;n/a;İbrahim Paşa'nın mürebbası;Olumlu;Evet;;n/a;;;;;;;;;;;;;;;;
86;Murad II;İbrahim Paşa;Paşa;;;;;Erkek;n/a;n/a;n/a;n/a;n/a;Evet;;n/a;;;;;;;;;;;;;;;;
86;Murad II;Mustafa;Düzme;;;;;Erkek;n/a;n/a;n/a;Mukayyad olunmadı;Olumsuz;-;Evet;n/a;;;;;;;;;;;;;;;;
87;Murad II;Vılkoglı;Beg;;;;;Erkek;n/a;Sofya'dan berüsü;1;n/a;n/a;-;;n/a;;;;;;;;;;;;;;;;
87;Murad II;Niş Togan;Ilçi;;;;;Erkek;n/a;n/a;n/a;n/a;n/a;Evet;;n/a;;;;;;;;;;;;;;;;
87;Murad II;Murad II;Padişah;;;;;Erkek;n/a;n/a;n/a;n/a;n/a;Evet;-;n/a;;;;;;;;;;;;;;;;
87;Murad II;İstanbul Teküri;Tekür;;;;;Erkek;n/a;n/a;n/a;Dostlık;Olumlu;-;;n/a;;;;;;;;;;;;;;;;
87;Murad II;İstanbul Teküri;Tekür;;;;;Erkek;n/a;n/a;n/a;Itimad;Olumlu;-;;n/a;;;;;;;;;;;;;;;;
87;Murad II;Geniboza Kadısı Fazlullah;Kadı;;;;;Erkek;n/a;n/a;n/a;n/a;n/a;Evet;;n/a;;;;;;;;;;;;;;;;
88;Murad II;Murad II;Padişah;;;;;Erkek;n/a;n/a;n/a;n/a;n/a;Evet;-;n/a;;;;;;;;;;;;;;;;
88;Murad II;Mustafa;;Murad'ın Karındaşı;;;;Erkek;n/a;n/a;n/a;Kiçicük karındaş;n/a;Evet;;n/a;;;;;;;;;;;;;;;;
88;Murad II;Germiyanoglı;Beg;;;;;Erkek;n/a;n/a;n/a;Leşker koşdı;Olumsuz;-;Evet;n/a;;;;;;;;;;;;;;;;
88;Murad II;Karamanoglı;Beg;;;;;Erkek;n/a;n/a;n/a;Erler koşdı;Olumsuz;-;Evet;n/a;;;;;;;;;;;;;;;;
88;Murad II;Ahı Y'akub;Ahı;;;;;Erkek;n/a;n/a;n/a;n/a;n/a;Evet;;n/a;;;;;;;;;;;;;;;;
88;Murad II;Ahı Kadem;Ahı;;;;;Erkek;n/a;n/a;n/a;n/a;n/a;Evet;;n/a;;;;;;;;;;;;;;;;
88;Murad II;Şarabdar İlyas;Lala;;;;;Erkek;n/a;n/a;n/a;n/a;n/a;Evet;;n/a;;;;;;;;;;;;;;;;
89;Murad II;Murad II;Padişah;;;;;Erkek;n/a;n/a;n/a;n/a;n/a;Evet;-;n/a;;;;;;;;;;;;;;;;
89;Murad II;Mustafa;Şehzade;Murad'ın Karındaşı;;;;Erkek;n/a;n/a;n/a;n/a;n/a;Evet;;n/a;Cellad tarafından;;;;;;;;;;;;;;;
89;Murad II;Mihaloglı Mehmed;Beg;;;;;Erkek;n/a;n/a;n/a;n/a;n/a;Evet;;n/a;;;;;;;;;;;;;;;;
89;Murad II;Taceddinoglı;Beg;;;;;Erkek;n/a;n/a;n/a;n/a;n/a;Evet;;n/a;;;;;;;;;;;;;;;;
89;Murad II;Şarabdar İlyas;Lala;;Menteşe Bey İbrahim Oğlu;;;Erkek;Şehzade Katli;n/a;1;Günahkâr;Olumsuz;Evet;;n/a;;;;;;;;;;;;;;;;
90;Murad II;Umur Beg;Beg;Kara Temurtaş oglı;;;;Erkek;n/a;n/a;n/a;n/a;n/a;Evet;;n/a;;;;;;;;;;;;;;;;
90;Murad II;Oruç Beg;Beylerbegi;Umur Beg'in karındaşı;;;;Erkek;n/a;n/a;n/a;n/a;n/a;Evet;;n/a;;;;;;;;;;;;;;;;
90;Murad II;Ali Beg;Beg;Umur Beg'in karındaşı;;;;Erkek;n/a;n/a;n/a;n/a;n/a;Evet;;n/a;;;;;;;;;;;;;;;;
90;Murad II;İbrahim Paşa;Paşa;;;;;Erkek;n/a;n/a;n/a;n/a;n/a;Evet;;n/a;;;;;;;;;;;;;;;;
90;Murad II;Hacı İvaz Paşa;Paşa;;;;;Erkek;n/a;n/a;n/a;n/a;n/a;Evet;;n/a;;;;;;;;;;;;;;;;
90;Murad II;Yörgüç;Lala;;;;;Erkek;n/a;n/a;n/a;n/a;n/a;Evet;;n/a;;;;;;;;;;;;;;;;
91;Murad II;İsfendiyâr;Beg;;;;;Erkek;;;;;;Hayır;;;;;;;;;;;;;;;;;;
91;Murad II;Kasım Beg;Beg;;;;;Erkek;;;;;;Evet;;;;;;;;;;;;;;;;;;
91;Murad II;Murad II;Hanedan;;;;;Erkek;;;;;;Evet;;;;;;;;;;;;;;;;;;
92;Murad II;İflakoglı Dırakola;Beg;;;;;Erkek;;;;mel'ûn;Olumsuz;Hayır;;;;;;;;;;;;;;;;;;
92;Murad II;Firiz Beg;Beg;;;;;Erkek;;;;;;Evet;;;;;;;;;;;;;;;;;;
92;Murad II;Murad II;Hanedan;;;;;Erkek;;;;yigâne;Olumlu;Evet;;;;;;;;;;;;;;;;;;
93;Murad II;Evrenezoglı;Beg;;;;;Erkek;;;;;;Evet;;;;;;;;;;;;;;;;;;
93;Murad II;Elvan Beg;Beg;;;;;Erkek;;;;çaşnigirbaşı;Nötr;Hayır;;;;;;;;;;;;;;;;;;
93;Murad II;Şerefeddîn Paşa;Paşa;;;;;Erkek;;;;;;Evet;;;;;;;;;;;;;;;;;;
93;Murad II;Reyhân Paşa;Paşa;;;;;Erkek;;;;;;Evet;;;;;;;;;;;;;;;;;;
93;Murad II;n/a;Hatun;Hacı Halîl Paşa Hatunu;;;;Kadın;;;;;;Evet;;;;;;;;;;;;;;;;;;
93;Murad II;Dadu Hatun;Hatun;Sultân Muhammed dadısı ;;;;Kadın;;;;;;Evet;;;;;;;;;;;;;;;;;;
93;Murad II;Meric Böle;Hatun;;;;;Kadın;;;;;;Evet;;;;;;;;;;;;;;;;;;
93;Murad II;Paşa Kirecem;Paşa;;;;;Erkek;;;;;;Evet;;;;;;;;;;;;;;;;;;
93;Murad II;Germiyânoglı Ya'kûb;Beg;;;;;Erkek;;;;;;Hayır;;;;;;;;;;;;;;;;;;
93;Murad II;Şah Ana;Hanedan;;;;;Kadın;;;;;;Evet;;;;;;;;;;;;;;;;;;
93;Murad II;Dâdû Hatun;Hatun;;;;;Kadın;;;;;;Evet;;;;;;;;;;;;;;;;;;
93;Murad II;Paşa Kireceye;Paşa;;;;;Kadın;;;;;;Evet;;;;;;;;;;;;;;;;;;
93;Murad II;Vılkoglı;Beg;;;;;Erkek;;;;;;Hayır;;;;;;;;;;;;;;;;;;
93;Murad II;Paşa Beg;Beg;;;;;Erkek;;;;delü;Olumsuz;Evet;;;;;;;;;;;;;;;;;;
93;Murad II;Mahmûd;Hanedan;;;;;Erkek;;;;;;Evet;;;;;;;;;;;;;;;;;;
93;Murad II;Yûsuf;Hanedan;;;;;Erkek;;;;;;Evet;;;;;;;;;;;;;;;;;;
93;Murad II;İbrahim;Hanedan;;;;;Erkek;;;;;;Evet;;;;;;;;;;;;;;;;;;
93;Murad II;Kasım;Hanedan;;;;;Erkek;;;;;;Evet;;;;;;;;;;;;;;;;;;
93;Murad II;Karaca Beg;Beglerbegi;;;;;Erkek;;;;;;Evet;;;;;;;;;;;;;;;;;;
94;Murad II;İzmiroglı Cüneyd Beg;Beg;;;;;Erkek;;;;;;Hayır;;;;;;;;;;;;;;;;;;
94;Murad II;Temürtaş ;Beg;;;;;Erkek;;;;;;Evet;;;;;;;;;;;;;;;;;;
94;Murad II;Oruç Beg;Beglerbegi;;;;;Erkek;;;;;;Evet;;;;;;;;;;;;;;;;;;
94;Murad II;Aydınoglı Îsâ Beg;Beg;;;;;Erkek;;;;;;Hayır;;;;;;;;;;;;;;;;;;
94;Murad II;Yahşı Beg;Beg;;;;;Erkek;;;;;;Evet;;;;;;;;;;;;;;;;;;
95;Murad II;İzmiroglı;Beg;;;;;Erkek;;;;hâyın;Olumsuz;Hayır;;;;;;;;;;;;;;;;;;
95;Murad II;Oruç Beg;Beg;;;;;Erkek;;;;;;Evet;;;;;;;;;;;;;;;;;;
95;Murad II;Hamza Beg;Beglerbegi;;;;;Erkek;;;;gayretlü;Olumlu;Evet;;;;;;;;;;;;;;;;;;
95;Murad II;Yahşı Beg;Beg;;;;;Erkek;;;;;;Evet;;;;;;;;;;;;;;;;;;
95;Murad II;Saruhan Sancagı;Beg;;;;;Erkek;;;;;;Evet;;;;;;;;;;;;;;;;;;
95;Murad II;Bursa Sancagı;Beg;;;;;Erkek;;;;;;Evet;;;;;;;;;;;;;;;;;;
95;Murad II;Kur Hasan;Beg;;İzmiroglı'nun oğlu;;;Erkek;;;;;;Evet;;;;;;;;;;;;;;;;;;
95;Murad II;İzmiroglı Cüneyd Beg;Beg;;;;;Erkek;;;;;;Hayır;;;;;;;;;;;;;;;;;;
95;Murad II;Murad II;Hanedan;;;;;Erkek;;;;;;Evet;;;;;;;;;;;;;;;;;;
96;Murad II;Menteşeoglı Ya'kûb Beg;Beg;;;;;Erkek;;;;;;Hayır;;;;;;;;;;;;;;;;;;
96;Murad II;İlyâs Beg;Beg;;Menteşoglı Ya'kûb Beg'in oğlu;;;Erkek;;;;;;Hayır;;;;;;;;;;;;;;;;;;
96;Murad II;Mahmûd Beg;Beg;;Menteşoglı Ya'kûb Beg'in oğlu;;;Erkek;;;;;;Evet;;;;;;;;;;;;;;;;;;
96;Murad II;Veys Beg;Beg;;;;;Erkek;;;;;;Evet;;;;;;;;;;;;;;;;;;
96;Murad II;Ahmed Beg;Beg;;;;;Erkek;;;;;;Evet;;;;;;;;;;;;;;;;;;
96;Murad II;Balaban Paşa;Paşa;;;;;Erkek;;;;;;Evet;;;;;;;;;;;;;;;;;;
97;Murad II;Karamanoglı Mehmed Beg;Beg;;;;;Erkek;;;;;;Hayır;;;;;;;;;;;;;;;;;;
97;Murad II;İbrâhim;Beg;;Karamanoglı Mehmed Beg'in oğlu;;;Erkek;;;;;;Hayır;;;;;;;;;;;;;;;;;;
97;Murad II;'Îsâ ;Beg;;Karamanoglı Mehmed Beg'in oğlu;;;Erkek;;;;;;Hayır;;;;;;;;;;;;;;;;;;
97;Murad II;Alâ'addîn;Beg;;Karamanoglı Mehmed Beg'in oğlu;;;Erkek;;;;;;Hayır;;;;;;;;;;;;;;;;;;
97;Murad II;Murad II;Hanedan;;;;;Erkek;;;;;;Evet;;;;;;;;;;;;;;;;;;
97;Murad II;Bengî Ali Beg;Beg;;Karamanoglı Mehmed Beg'in kardeşi;;;Erkek;;;;;;Hayır;;;;;;;;;;;;;;;;;;
97;Murad II;Şarâbdâr İlyâs Beg;Beg;;;;;Erkek;;;;şarabdar;Nötr;Evet;;;;;;;;;;;;;;;;;;
98;Murad II;Yörgüç;Lala;;;;;Erkek;;;;;;Evet;;;;;;;;;;;;;;;;;;
98;Murad II;n/a;Paşa;;Yörgüç'ün oğlu;;;Erkek;;;;;;Evet;;;;;;;;;;;;;;;;;;
98;Murad II;Dulkadıroglu Hasan Beg;;;;;;Erkek;;;;;;Hayır;;;;;;;;;;;;;;;;;;
98;Murad II;Habil;Beg;;;;;Erkek;;;;Karaöylük oglı;Nötr;Evet;;;;;;;;;;;;;;;;;;
99;Murad II;Haydar Beg;Beg;;;;;Erkek;;;;;;Evet;;;;;;;;;;;;;;;;;;
99;Murad II;Kasım Beg;Beg;;;;;Erkek;;;;;;Evet;;;;;;;;;;;;;;;;;;
99;Murad II;Tayfur Çelebi;Çelebi;;;;;Erkek;;;;;;Evet;;;;;;;;;;;;;;;;;;
99;Murad II;Elvân Çelebi;Çelebi;;;;;Erkek;;;;;;Evet;;;;;;;;;;;;;;;;;;
99;Murad II;Yörgüç;Lala;;;;;Erkek;;;;;;Evet;;;;;;;;;;;;;;;;;;
100;Murad II;Alparslanoglı;-;;;;;Erkek;;;;;;Hayır;;;;;;;;;;;;;;;;;;
100;Murad II;Yörgüç Paşa;Lala;;;;;Erkek;;;;;;Evet;;;;;;;;;;;;;;;;;;
101;Murad II;Murad II;;;;;;Erkek;;;;;;Evet;;;;;;;;;;;;;;;;;;
102;Murad II;Germiyânoglı Ya'kûb Beg;Beg;;;;;Erkek;;;;;;Hayır;;;;;;;;;;;;;;;;;;
102;Murad II;Murad II;Hanedan;;;;;Erkek;;;;;;Evet;;;;;;;;;;;;;;;;;;
102;Murad II;Emîr Seyyid ;-;;;;;Erkek;;;;;;Evet;;;;;;;;;;;;;;;;;;
102;Murad II;Orhan Gazi;Hanedan;;;;;Erkek;;;;;;Evet;;;;;;;;;;;;;;;;;;
102;Murad II;Osmân Gazi;Hanedan;;;;;Erkek;;;;;;Evet;;;;;;;;;;;;;;;;;;
102;Murad II;Murad II;Hanedan;;;;;Erkek;;;;;;Evet;;;;;;;;;;;;;;;;;;
103;Murad II;Yörgüç;Lala;;;;;Erkek;;;;;;Evet;;;;;;;;;;;;;;;;;;
103;Murad II;Murad II;Hanedan;;;;;Erkek;;;;;;Evet;;;;;;;;;;;;;;;;;;
103;Murad II;İshâk Beg;Beg;;;;;Erkek;;;;;;Evet;;;;;;;;;;;;;;;;;;
103;Murad II;Vılkoglı;Beg;;;;;Erkek;;;;;;Hayır;;;;;;;;;;;;;;;;;;
103;Murad II;Bayezid I;Hanedan;;;;;Erkek;;;;;;Evet;;;;;;;;;;;;;;;;;;
104;Murad II;Murad II;Hanedan;;;;;Erkek;;;;;;Evet;;;;;;;;;;;;;;;;;;
104;Murad II;Evrenezoglı Ali Beg;Beg;;;;;Erkek;;;;;;Hayır;;;;;;;;;;;;;;;;;;
105;Murad II;Murad II;;;;;;Erkek;;;;;;Evet;;;;;;;;;;;;;;;;;;
105;Murad II;Karamaoglı İbrahim Beg;Beg;;;;;Erkek;;;;;;Hayır;;;;;;;;;;;;;;;;;;
105;Murad II;Şarâbdâr İlyâs Beg;Beg;;;;;Erkek;;;;;;Evet;;;;;;;;;;;;;;;;;;
105;Murad II;Murad II;Hanedan;;;;;Erkek;;;;;;Evet;;;;;;;;;;;;;;;;;;
105;Murad II;Vılkoglı;Beg;;;;;Erkek;;;;;;Hayır;;;;;;;;;;;;;;;;;;
105;Murad II;Sinân Beg;Beglerbegi;;;;;Erkek;;;;Rumeli beglerbegisi;Nötr;Evet;;;;;;;;;;;;;;;;;;
105;Murad II;Vidin Sinânı;Beg;;;;;Erkek;;;;;;Hayır;;;;;;;;;;;;;;;;;;
105;Murad II;Üngürüz kâfiri;Kral;;;;;Erkek;;;;;;Hayır;;;;;;;;;;;;;;;;;;
105;Murad II;Karamanoglı;Beg;;;;;Erkek;;;;mahzûn;Olumsuz;Hayır;;;;;;;;;;;;;;;;;;
105;Murad II;Karamanoglı;Beg;;;;;Erkek;;;;magbûn;Olumsuz;Hayır;;;;;;;;;;;;;;;;;;
106;Murad II;Karamanoglı;Beg;;;;;Erkek;;;;;;Hayır;;;;;;;;;;;;;;;;;;
106;Murad II;Murad II;Hanedan;;;;;Erkek;;;;;;Evet;;;;;;;;;;;;;;;;;;
106;Murad II;Mevlânâ Hamza;Beg;;;;;Erkek;;;;;;Evet;;;;;;;;;;;;;;;;;;
106;Murad II;'Îsâ ;Beg;;Karamanoglı Mehmed Beg'in oğlu;;;Erkek;;;;;;Hayır;;;;;;;;;;;;;;;;;;
106;Murad II;Mevlânâ Şükrüllah;Beg;;;;;Erkek;;;;;;Evet;;;;;;;;;;;;;;;;;;
107;Murad II;Murad II;Hanedan;;;;;Erkek;;;;;;Evet;;;;;;;;;;;;;;;;;;
107;Murad II;İshâk Beg;Beg;;;;;Erkek;;;;;;Evet;;;;;;;;;;;;;;;;;;
107;Murad II;Vılkoglı;Beg;;;;;Erkek;;;;;;Evet;;;;;;;;;;;;;;;;;;
107;Murad II;Murad II;;;;;;Erkek;;;;;;Hayır;;;;;;;;;;;;;;;;;;
107;Murad II;n/a;Hatun;İshâk Beg'in hatunu;;;;Kadın;;;;;;Evet;;;;;;;;;;;;;;;;;;
107;Murad II;Reyhân Aga;Paşa;;;;;Erkek;;;;hadım;nötr;Evet;;;;;;;;;;;;;;;;;;
107;Murad II;Özbek Aga;Paşa;;;;;Erkek;;;;;;Evet;;;;;;;;;;;;;;;;;;
107;Murad II;n/a;-;İsfendiyâr kızı;;;;Kadın;;;;;;Evet;;;;;;;;;;;;;;;;;;
108;Murad II;Evrenezoglı Ali Beg;Beg;;;;;Erkek;;;;;;Hayır;;;;;;;;;;;;;;;;;;
108;Murad II;Hünkâr;Hanedan;;;;;Erkek;;;;;;Evet;;;;;;;;;;;;;;;;;;
109;Murad II;Murad II;Hanedan;;;;;Erkek;;;;;;Evet;;;;;;;;;;;;;;;;;;
109;Murad II;Mehmed I;Hanedan;;;;;Erkek;;;;;;Evet;;;;;;;;;;;;;;;;;;
109;Murad II;Vılkoglı;Beg;;;;;Erkek;;;;;;Hayır;;;;;;;;;;;;;;;;;;
109;Murad II;İflakoglı Dırakola;Beg;;;;;Erkek;;;;;;Hayır;;;;;;;;;;;;;;;;;;
109;Murad II;Lazoglı;Beg;;;;;Erkek;;;;;;Hayır;;;;;;;;;;;;;;;;;;
109;Murad II;Murad II;Hanedan;;;;;Erkek;;;;;;Evet;;;;;;;;;;;;;;;;;;
110;Murad II;Evrenezoglı Îsâ Beg;Beg;;;;;Erkek;;;;;;Hayır;;;;;;;;;;;;;;;;;;
110;Murad II;İskender;Er;;Arnavud Beg'in oğlu;;;Erkek;;;;;;Evet;;;;;;;;;;;;;;;;;;
110;Murad II;n/a;Beg;;;;;Erkek;;;;Arnavut begi;Nötr;Evet;;;;;;;;;;;;;;;;;;
111;Murad II;Murad II;Hanedan;;;;;Erkek;;;;;;Evet;;;;;;;;;;;;;;;;;;
111;Murad II;Aşıkpaşazade;Paşa;;;;;Erkek;;;;;;Evet;;;;;;;;;;;;;;;;;;
112;Murad II;Murad II;Hanedan;;;;;Erkek;;;;;;Evet;;;;;;;;;;;;;;;;;;
112;Murad II;İshâk Beg;Beg;;;;;Erkek;;;;;;Evet;;;;;;;;;;;;;;;;;;
112;Murad II;Vılkoglı;Beg;;;;;Erkek;;;;;;Hayır;;;;;;;;;;;;;;;;;;
112;Murad II;Dırakola;Beg;;;;;Erkek;;;;;;Hayır;;;;;;;;;;;;;;;;;;
112;Murad II;n/a;Beg;;;;;Erkek;;;;Germiyân sancagı;Nötr;Hayır;;;;;;;;;;;;;;;;;;
112;Murad II;Temürtaşoglı Umur Beg;Beg;;;;;Erkek;;;;;;Hayır;;;;;;;;;;;;;;;;;;
112;Murad II;Osmân Çelebi;Beg;;Temürtaşoglı Umur Beg'in oğlu;;;Erkek;;;;;;Evet;;;;;;;;;;;;;;;;;;
112;Murad II;Paşa Beg;Beg;;İshâk Beg'in oğlu;;;Erkek;;;;;;Evet;;;;;;;;;;;;;;;;;;
112;Murad II;Togan;Kılıççı;;;;;Erkek;;;;kılıççı;Nötr;Evet;;;;;;;;;;;;;;;;;;
113;Murad II;Murad II;Hanedan;;;;;Erkek;;;;;;Evet;;;;;;;;;;;;;;;;;;
113;Murad II;Turahan;Beg;;;;;Erkek;;;;;;Evet;;;;;;;;;;;;;;;;;;
114;Murad II;Kula Şâhin;Beglerbegi;;;;;Erkek;;;;Rumeli beglerbegi;Nötr;Evet;;;;;;;;;;;;;;;;;;
114;Murad II;Mezîd Beg;Beg;;;;;Erkek;;;;;;Evet;;;;;;;;;;;;;;;;;;
114;Murad II;Karamanoglı;Beg;;;;;Erkek;;;;;;Hayır;;;;;;;;;;;;;;;;;;
114;Murad II;n/a;Beg;;Karamanoglı'nun dayısı;;;Erkek;;;;;;Hayır;;;;;;;;;;;;;;;;;;
115;Murad II;Karamanoglı;Beg;;;;;Erkek;;;;haset;Olumsuz;Hayır;;;;;;;;;;;;;;;;;;
115;Murad II;Murad II;Hanedan;;;;;Erkek;;;;;;Evet;;;;;;;;;;;;;;;;;;
115;Murad II;n/a;Hatun;Karamanoglı hatunu;;;;Kadın;;;;;;Evet;;;;;;;;;;;;;;;;;;
115;Murad II;Sürûr;Vezir;;;;;Erkek;;;;;;Evet;;;;;;;;;;;;;;;;;;
115;Murad II;Karamanoglı İbrahim;Beg;;;;;Erkek;;;;fesat;Olumsuz;Hayır;;;;;;;;;;;;;;;;;;
116;Murad II;Vılkoglı;Beg;;;;;Erkek;;;;;;Hayır;;;;;;;;;;;;;;;;;;
116;Murad II;Yanko;-;;;;;Erkek;;;;;;Hayır;;;;;;;;;;;;;;;;;;
116;Murad II;Murad II;Hanedan;;;;;Erkek;;;;;;Evet;;;;;;;;;;;;;;;;;;
116;Murad II;Kasım Paşa;Beglerbegi;;;;;Erkek;;;;;;Evet;;;;;;;;;;;;;;;;;;
116;Murad II;n/a;Beg;;Halîl Paşa'nın kardeşi;;;Erkek;;;;;;Evet;;;;;;;;;;;;;;;;;;
116;Murad II;Üngürüz;Kral;;;;;Erkek;;;;;;Hayır;;;;;;;;;;;;;;;;;;
116;Murad II;Çandarlı Halil;Paşa;;;;;Erkek;;;;;;Evet;;;;;;;;;;;;;;;;;;
116;Murad II;n/a;Beg;;Halîl Paşa'nın oğlu;;;Erkek;;;;;;Evet;;;;;;;;;;;;;;;;;;
116;Murad II;Turahan;Beg;;;;;Erkek;;;;dost;Olumlu;Evet;;;;;;;;;;;;;;;;;;
116;Murad II;Mevlânâ Hüsrev;Beg;;;;;Erkek;;;;;;Evet;;;;;;;;;;;;;;;;;;
117;Murad II;Murad II;Hanedan;;;;;Erkek;;;;deli;Olumsuz;Evet;;;;;;;;;;;;;;;;;;
117;Murad II;Karamanoglı;Beg;;;;;Erkek;;;;;;Hayır;;;;;;;;;;;;;;;;;;
117;Murad II;Vılkoglı;Beg;;;;;Erkek;;;;;;Hayır;;;;;;;;;;;;;;;;;;
117;Murad II;Üngürüz;Kral;;;;;Erkek;;;;;;Hayır;;;;;;;;;;;;;;;;;;
117;Murad II;Yanko;-;;;;;Erkek;;;;;;Hayır;;;;;;;;;;;;;;;;;;
117;Murad II;Çandarlı Halil;Paşa;;;;;Erkek;;;;;;Evet;;;;;;;;;;;;;;;;;;
117;Murad II;n/a;Hanedan;;Sultan Murâd'ın oğlu;;;Erkek;;;;;;Evet;;;;;;;;;;;;;;;;;;
117;Murad II;n/a;Beglerbegi;;;;;Erkek;;;;Anatolı beglerbegisi;Nötr;Evet;;;;;;;;;;;;;;;;;;
117;Murad II;Koca Hızır;-;;;;;Erkek;;;;koca;Olumlu;Evet;;;;;;;;;;;;;;;;;;
117;Murad II;Azab Bey;Beg;;;;;Erkek;;;;;;Evet;;;;;;;;;;;;;;;;;;
117;Murad II;Turahan Beg;Beg;;;;;Erkek;;;;;;Evet;;;;;;;;;;;;;;;;;;
117;Murad II;Mısır sultânı;Hanedan;;;;;Erkek;;;;;;Hayır;;;;;;;;;;;;;;;;;;
117;Murad II;Mehmed I;Hanedan;;;;;Erkek;;;;;;Evet;;;;;;;;;;;;;;;;;;
118;Murad II;Murad II;Hanedan;;;;;Erkek;;;;;;Evet;;;;;;;;;;;;;;;;;;
118;Murad II;Arnavud İskenderi;Beg;;;;;Erkek;;;;;;Hayır;;;;;;;;;;;;;;;;;;
118;Murad II;Hamza Beg;Beg;;Arnavud İskenderi'nin amcaoğlu;;;Erkek;;;;;;Hayır;;;;;;;;;;;;;;;;;;
118;Murad II;Mehmed I;Hanedan;;;;;Erkek;;;;;;Evet;;;;;;;;;;;;;;;;;;
119;Murad II;Üngürüz kâfiri;Kral;;;;;Erkek;;;;;;Hayır;;;;;;;;;;;;;;;;;;
119;Murad II;Murad II;Hanedan;;;;;Erkek;;;;;;Evet;;;;;;;;;;;;;;;;;;
119;Murad II;Vılkoglı;Beg;;;;;Erkek;;;;;;Hayır;;;;;;;;;;;;;;;;;;
119;Murad II;Martaloz Togan;Martaloz;;;;;Erkek;;;;;;Evet;;;;;;;;;;;;;;;;;;
119;Murad II;Lih Ban;Kral;;;;;Erkek;;;;;;Hayır;;;;;;;;;;;;;;;;;;
119;Murad II;Çih Ban;Kral;;;;;Erkek;;;;;;Hayır;;;;;;;;;;;;;;;;;;
119;Murad II;n/a;Kral;;Lök Ban oğlu;;;Erkek;;;;;;Hayır;;;;;;;;;;;;;;;;;;
119;Murad II;Sekületi Ban;Kral;;;;;Erkek;;;;;;Hayır;;;;;;;;;;;;;;;;;;
119;Murad II;Yanko Hunyad;-;;;;;Erkek;;;;fesat;Olumsuz;Hayır;;;;;;;;;;;;;;;;;;
119;Murad II;Akçayluoglı;-;;;;;Erkek;;;;;;Hayır;;;;;;;;;;;;;;;;;;
119;Murad II;Dervîş Akbıyık;-;;;;;Erkek;;;;;;Evet;;;;;;;;;;;;;;;;;;
119;Murad II;Murad II;Hanedan;;;;;Erkek;;;;gözütok;Olumlu;Evet;;;;;;;;;;;;;;;;;;
119;Murad II;Murad II;Hanedan;;;;;Erkek;;;;zengin;Olumlu;Evet;;;;;;;;;;;;;;;;;;
119;Murad II;Aşıkpaşazade;Paşa;;;;;Erkek;;;;;;Evet;;;;;;;;;;;;;;;;;;
120;Murad II;Murad II;Hanedan;;;;;Erkek;;;;;;Evet;;;;;;;;;;;;;;;;;;
120;Murad II;Mehmed I;Hanedan;;;;;Erkek;;;;;;Evet;;;;;;;;;;;;;;;;;;
120;Murad II;Çandarlı Halil;Paşa;;;;;Erkek;;;;;;Evet;;;;;;;;;;;;;;;;;;
120;Murad II;Dulkadıroglu Süleymân;Beg;;;;;Erkek;;;;;;Hayır;;;;;;;;;;;;;;;;;;
120;Murad II;Hızır Aga;Beg;;;;;Erkek;;;;;;Evet;;;;;;;;;;;;;;;;;;
120;Murad II;n/a;Hatun;Hızır Aga hatunu;;;;Kadın;;;;;;Evet;;;;;;;;;;;;;;;;;;
120;Murad II;Murad II;Hanedan;;;;;Erkek;;;;;;Evet;;;;;;;;;;;;;;;;;;
120;Murad II;n/a;Hatun;;Dulkadıroglı Süleymân'ın kızı;;;Kadın;;;;;;Hayır;;;;;;;;;;;;;;;;;;
120;Murad II;Aşıkpaşazade;Paşa;;;;;Erkek;;;;;;Evet;;;;;;;;;;;;;;;;;;
120;Murad II;Mehmed II;Hanedan;;;;;Erkek;;;;;;Evet;;;;;;;;;;;;;;;;;;
120;Murad II;Karamanoglı;Beg;;;;;Erkek;;;;;;Hayır;;;;;;;;;;;;;;;;;;
121;Murad II;Dervîş;Emîr Seyyid Mürîdi;;;;;Erkek;n/a;n/a;n/a;n/a;Olumlu;Evet;;;;;;;;;;;;;;;;;;
121;Murad II;Saruca Paşa;Vezir;;;;;Erkek;n/a;n/a;n/a;n/a;Olumlu;Evet;;;;;;;;;;;;;;;;;;
121;Murad II;İshak Paşa;Vezir;;;;;Erkek;n/a;n/a;n/a;n/a;Olumlu;Evet;;;;;;;;;;;;;;;;;;
121;Murad II;Mehmed II;Padişah;;;;;Erkek;n/a;n/a;n/a;n/a;Olumlu;Evet;;;;;;;;;;;;;;;;;;
122;Mehmed II;Mehmed II;Padişah;;;;;Erkek;n/a;n/a;n/a;Devletli;Olumlu;Evet;;;;;;;;;;;;;;;;;;
122;Mehmed II;Çandarlı Halil;Lala;;;;;Erkek;n/a;n/a;n/a;;;Evet;;;;;;;;;;;;;;;;;;
122;Mehmed II;Mehmet;Beg;;;;;Erkek;n/a;n/a;n/a;;;;;;;;;;;;;;;;;;;;;
122;Mehmed II;Kirluka;Vezir;;;;;Erkek;n/a;n/a;n/a;;;-;;;;;;;;;;;;;;;;;;
123;Mehmed II;Süleymân Beg;Sübaşılıgı;;;;;Erkek;n/a;n/a;n/a;;;Evet;;;;;;;;;;;;;;;;;;
123;Mehmed II;Kula Şâhin;;;;;;Erkek;n/a;n/a;n/a;;;Evet;;;;;;;;;;;;;;;;;;
124;Mehmed II;Kadı;Kadı;;;;;Erkek;n/a;n/a;n/a;;;;;;;;;;;;;;;;;;;;;
124;Mehmed II;Yunus;Beg;;;;;Erkek;n/a;n/a;n/a;Has;Olumlu;Evet;;;;;;;;;;;;;;;;;;
125;Mehmed II;İsa;Beg;;İshak Paşa Oğlu;;;Erkek;n/a;n/a;n/a;;;;;;;;;;;;;;;;;;;;;
125;Mehmed II;Vılkoğlu;Despot;;;;;Erkek;n/a;n/a;n/a;;;;;;;;;;;;;;;;;;;;;
125;Mehmed II;Kral;Kral;;;;;Erkek;n/a;n/a;n/a;;Olumsuz;-;;;;;;;;;;;;;;;;;;
125;Mehmed II;kraliçe;Krallık;Bosna kralının eşi;Despot kızı;;;Kadın;n/a;n/a;n/a;;;-;;;;;;;;;;;;;;;;;;
125;Mehmed II;Dizdar;;;;;;Erkek;n/a;n/a;n/a;;;;;;;;;;;;;;;;;;;;;
126;Mehmed II;Karaca;Beglerbegi;;;;;Erkek;n/a;n/a;n/a;Dayı;;Evet;;;Top Atışı;;;;;;;;;;;;;;;
127;Mehmed II;Bayezid II;Şehzade;;Mehmed 2 Oğlu;;;Erkek;n/a;n/a;n/a;;;Evet;;;;;;;;;;;;;;;;;;
127;Mehmed II;Mustafa Çelebi;Şehzade;;Mehmed 2 Oğlu;;;Erkek;n/a;n/a;n/a;;;Evet;;;;;;;;;;;;;;;;;;
128;Mehmed II;-;-;;;;;Erkek;n/a;n/a;1;;;;;;;;;;;;;;;;;;;;;
128;Mehmed II;Mahmud;Paşa;;;;;Erkek;n/a;n/a;n/a;;;Evet;;;;;;;;;;;;;;;;;;
129;Mehmed II;Mahmud;Paşa;;;;;Erkek;n/a;n/a;n/a;;;Evet;;;;;;;;;;;;;;;;;;
129;Mehmed II;Sinan;Sancakbegi;;Elvan beg oğlu;;;Erkek;n/a;n/a;n/a;;;Evet;;;;;;;;;;;;;;;;;;
130;Mehmed II;Kral;Kral;;;;;Erkek;n/a;n/a;n/a;;;-;;;;;;;;;;;;;;;;;;
130;Mehmed II;Mahmud;Paşa;;;;;Erkek;n/a;n/a;n/a;;;Evet;;;;;;;;;;;;;;;;;;
131;Mehmed II;Firenk;Padişah;;;;;Erkek;n/a;n/a;n/a;;;;;;;;;;;;;;;;;;;;;
131;Mehmed II;Mahmud;Paşa;;;;;Erkek;n/a;n/a;n/a;;;Evet;;;;;;;;;;;;;;;;;;
131;Mehmed II;İsmail;Beg;;İsfediyaroğlu;;;Erkek;n/a;n/a;n/a;;;Evet;;;;;;;;;;;;;;;;;;
132;Mehmed II;Mahmud;Paşa;;;;;Erkek;n/a;n/a;n/a;;;Evet;;;;;;;;;;;;;;;;;;
132;Mehmed II;İsmail;Beg;;İsfediyaroğlu;;;Erkek;n/a;n/a;n/a;;;Evet;;;;;;;;;;;;;;;;;;
132;Mehmed II;Hasan;Beg;;İsmail Beg Oğlu;;;Erkek;n/a;n/a;n/a;;;Evet;;;;;;;;;;;;;;;;;;
132;Mehmed II;Ahmed;;;ismail Beg Kardeşi;;;Erkek;n/a;n/a;n/a;Kızıl;;Evet;;;;;;;;;;;;;;;;;;
133;Mehmed II;İsmail;Beg;;İsfediyaroğlu;;;Erkek;n/a;n/a;n/a;;;Evet;;;;;;;;;;;;;;;;;;
134;Mehmed II;Hüseyin;Beg;;;;;Erkek;n/a;n/a;n/a;;;Evet;;;;;;;;;;;;;;;;;;
134;Mehmed II;Hasan;Beg;;;;;Erkek;n/a;n/a;n/a;Uzun;;Evet;;;;;;;;;;;;;;;;;;
134;Mehmed II;Hamza;Beg;;;;;Erkek;n/a;n/a;n/a;Paşa;;Evet;;;;;;;;;;;;;;;;;;
135;Mehmed II;Hasan;Beg;;;;;Erkek;n/a;n/a;n/a;Uzun;;Evet;;;;;;;;;;;;;;;;;;
135;Mehmed II;Hasan;Şeyh;;;;;Erkek;n/a;n/a;n/a;-;;;;;;;;;;;;;;;;;;;;
135;Mehmed II;Anne;;;Kürt Hasan Annesi;;;Kadın;n/a;n/a;n/a;;;;;;;;;;;;;;;;;;;;;
135;Mehmed II;Sara;;;Uzun Hasan Annesi;;;Kadın;n/a;n/a;n/a;;;;;;;;;;;;;;;;;;;;;
135;Mehmed II;Ahmed;;;ismail Beg Kardeşi;;;Erkek;n/a;n/a;n/a;Kızıl;;Evet;;;;;;;;;;;;;;;;;;
136;Mehmed II;İshak Paşa;Vezir;;;;;Erkek;n/a;n/a;n/a;n/a;Olumlu;Evet;;;;;;;;;;;;;;;;;;
136;Mehmed II;;Ilçi;;;;;Erkek;n/a;n/a;n/a;;;;;;;;;;;;;;;;;;;;;
136;Mehmed II;Hamza Paşa;Uçbegi;;;;;Erkek;n/a;n/a;n/a;Çakırcıbaşı;;;;;;;;;;;;;;;;;;;;
136;Mehmed II;Kazıklı Voyvoda;Beg;;;;;Erkek;n/a;n/a;n/a;;Olumsuz;-;;;;;;;;;;;;;;;;;;
137;Mehmed II;Kazıklı Voyvoda;Beg;;;;;Erkek;n/a;n/a;n/a;;Olumsuz;-;;;;;;;;;;;;;;;;;;
138;Mehmed II;Mahmud;Vezir;;;;;Erkek;n/a;n/a;n/a;Paşa;;Evet;;;;;;;;;;;;;;;;;;
139;Mehmed II;;Kral;;;;;Erkek;n/a;n/a;n/a;;Olumsuz;-;;;;;;;;;;;;;;;;;;
139;Mehmed II;;Vezir;;;;;Erkek;n/a;n/a;n/a;;Olumsuz;-;;;;;;;;;;;;;;;;;;
140;Mehmed II;İshak;Şehzade;;;;;Erkek;n/a;n/a;n/a;Bey;-;-;;;;;;;;;;;;;;;;;;
140;Mehmed II;Ahmed;Şehzade;;;;;Erkek;;;;Pir;-;-;;;;;;;;;;;;;;;;;;
140;Mehmed II;Hasan;Beg;;;;;Erkek;n/a;n/a;n/a;Uzun;;Evet;;;;;;;;;;;;;;;;;;
140;Mehmed II;Ahmed;;;ismail Beg Kardeşi;;;Erkek;n/a;n/a;n/a;Kızıl;;Evet;;;;;;;;;;;;;;;;;;
140;Mehmed II;Ahmed;Seyfiye;;Selver Çavuş;;;Erkek;;;;Çavuşbaşı;;;;;;;;;;;;;;;;;;;;
140;Mehmed II;Hamza;SancakBeg;;;;;Erkek;;;;Köse;-;Evet;;;;;;;;;;;;;;;;;;
141;Mehmed II;Akıncılar;Seyfiye;;;;;Erkek;;;;;Olumlu;Evet;;;;;;;;;;;;;;;;;;
141;Mehmed II;;Bazı Begler;;;;;Erkek;;;;;;-;;;;;;;;;;;;;;;;;;
142;Mehmed II;Şehsuvar;;;;;;Erkek;;;;;;-;;;;;;;;;;;;;;;;;;
142;Mehmed II;Ali;Beg;;;;;Erkek;;;;;;-;;;;;;;;;;;;;;;;;;
142;Mehmed II;Hasan;Beg;;;;;Erkek;n/a;n/a;n/a;Yılan;Olumsuz;-;;;;;;;;;;;;;;;;;;
142;Mehmed II;Mahmud;Vezir;;;;;Erkek;n/a;n/a;n/a;Paşa;;Evet;;;;;;;;;;;;;;;;;;
142;Mehmed II;;Vezir;;;;;Erkek;;;;;Olumsuz;-;;;;;;;;;;;;;;;;;;
142;Mehmed II;Mevlana;Hünkar;;;;;Erkek;;;;;Olumlu;Evet;;;;;;;;;;;;;;;;;;
142;Mehmed II;Emir;Çelebi;;Mevlana Oğlu;;;Erkek;;;;Emir;;;;;;;;;;;;;;;;;;;;
142;Mehmed II;Mevlana;Kazasker;;;;;Erkek;;;;;Olumlu;Evet;;;;;;;;;;;;;;;;;;
143;Mehmed II;Mahmud;Vezir;;;;;Erkek;n/a;n/a;n/a;Paşa;;Evet;;;;;;;;;;;;;;;;;;
144;Mehmed II;Mehmet;Vezir;;;;;Erkek;;;;;Olumsuz;Evet;;;;;;;;;;;;;;;;;;
144;Mehmed II;Uyuz Bey;Beg;;;;;;;;;Uyuz;;-;;;;;;;;;;;;;;;;;;
145;Mehmed II;İshak;Şehzade;;;;;Erkek;n/a;n/a;n/a;Bey;-;-;;;;;;;;;;;;;;;;;;
145;Mehmed II;Hasan;Beg;;;;;Erkek;n/a;n/a;n/a;Yılan;Olumsuz;-;;;;;;;;;;;;;;;;;;
146;Mehmed II;Mehmet;Vezir;;;;;Erkek;;;;;Olumsuz;Evet;;;;;;;;;;;;;;;;;;
146;Mehmed II;;;Rum Mehmet Zevcesi;Alanya Beyi Kızkardeşi;;;Kadın;;;;;;-;;;;;;;;;;;;;;;;;;
146;Mehmed II;Ahmed;Vezir;;;;;Erkek;;;;Gedik;;Evet;;;;;;;;;;;;;;;;;;
146;Mehmed II;Arslan;Beg;;Lütfü Beyin oğlu;;;Erkek;;;;Kılıç;;;;;;;;;;;;;;;;;;;;
147;Mehmed II;Hasan;Beg;;;;;Erkek;n/a;n/a;n/a;Yılan;Olumsuz;-;;;;;;;;;;;;;;;;;;
147;Mehmed II;Ahmed;Vezir;;;;;Erkek;;;;Gedik;Olumlu;Evet;;;;;;;;;;;;;;;;;;
147;Mehmed II;İshak;Şehzade;;;;;Erkek;n/a;n/a;n/a;Bey;-;-;;;;;;;;;;;;;;;;;;
147;Mehmed II;Ahmed;Şehzade;;;;;Erkek;;;;Pir;-;-;;;;;;;;;;;;;;;;;;
147;Mehmed II;Kasım;Beg;;;;;Erkek;;;;;;-;;;;;;;;;;;;;;;;;;
148;Mehmed II;Hasan;Beg;;;;;Erkek;n/a;n/a;n/a;Yılan;Olumsuz;-;;;;;;;;;;;;;;;;;;
148;Mehmed II;Kasım;Beg;;;;;Erkek;;;;;;-;;;;;;;;;;;;;;;;;;
148;Mehmed II;Hamza;Beg;;;;;Erkek;;;;;;Evet;;;;;;;;;;;;;;;;;;
148;Mehmed II;Mahmud;Vezir;;;;;Erkek;n/a;n/a;n/a;Paşa;;Evet;;;;;;;;;;;;;;;;;;
148;Mehmed II;Mirza;Beg;;;;;Erkek;;;;Yusufça;;-;;;;;;;;;;;;;;;;;;
148;Mehmed II;Hasan;Beg;;;;;Erkek;n/a;n/a;n/a;Yılan;Olumsuz;-;;;;;;;;;;;;;;;;;;
149;Mehmed II;Kasım;Beg;;;;;Erkek;;;;;;-;;;;;;;;;;;;;;;;;;
149;Mehmed II;Mahmud;Vezir;;;;;Erkek;n/a;n/a;n/a;Paşa;;Evet;;;;;;;;;;;;;;;;;;
149;Mehmed II;Ahmed;Vezir;;;;;Erkek;;;;Gedik;Olumlu;Evet;;;;;;;;;;;;;;;;;;
149;Mehmed II;Mustafa;Paşa;;;;;Erkek;;;;;;Evet;;;;;;;;;;;;;;;;;;
149;Mehmed II;Ali;Bey;;Mihal Oğlu;;;Erkek;;;;;;-;;;;;;;;;;;;;;;;;;
149;Mehmed II;Bayezid II;Şehzade;;Mehmed 2 Oğlu;;;Erkek;;;;;Olumlu;Evet;;;;;;;;;;;;;;;;;;
149;Mehmed II;Mustafa;Şehzade;;Mehmed 2 Oğlu;;;Erkek;;;;;Olumlu;Evet;;;;;;;;;;;;;;;;;;
149;Mehmed II;Murad II;Paşa;;;;;Erkek;;;;;Olumlu;Evet;;;;;;;;;;;;;;;;;;
149;Mehmed II;Ömer;Beg;;Turhan Bey oğlu;;;Erkek;;;;;Olumlu;Evet;;;;;;;;;;;;;;;;;;
149;Mehmed II;Hacı;Beg;;;;;Erkek;;;;Hacı;Olumlu;Evet;;;;;;;;;;;;;;;;;;
149;Mehmed II;Ahmed;Paşa;;Fenarioğlu;;;Erkek;;;;;Olumlu;Evet;;;;;;;;;;;;;;;;;;
150;Mehmed II;Hasan;Beg;;;;;Erkek;n/a;n/a;n/a;Yılan;Olumsuz;-;;;;;;;;;;;;;;;;;;
150;Mehmed II;Ali;Bey;;Mihal Oğlu;;;Erkek;;;;;;-;;;;;;;;;;;;;;;;;;
150;Mehmed II;Bayezid II;Şehzade;;Mehmed 2 Oğlu;;;Erkek;;;;;Olumlu;Evet;;;;;;;;;;;;;;;;;;
150;Mehmed II;Mustafa;Şehzade;;Mehmed 2 Oğlu;;;Erkek;;;;;Olumlu;Evet;;;;;;;;;;;;;;;;;;
150;Mehmed II;Zeynel;Şehzade;;Uzun Hasan Oğlu;;;Erkek;;;;;Olumsuz;-;;;;;;;;;;;;;;;;;;
150;Mehmed II;Mehmed;Şehzade;;Uzun Hasan Oğlu;;;Erkek;;;;;Olumsuz;-;;;;;;;;;;;;;;;;;;
150;Mehmed II;Ahmed;Beg;;;;;Erkek;;;;Paşa;;;;;;;;;;;;;;;;;;;;
150;Mehmed II;Timur;Sultan;;;;;;;;;Emir;;-;;;;;;;;;;;;;;;;;;
150;Mehmed II;Hasan;Beg;;;;;Erkek;n/a;n/a;n/a;Yılan;Olumsuz;-;;;;;;;;;;;;;;;;;;
151;Mehmed II;Ahmed;Vezir;;;;;Erkek;;;;Gedik;Olumlu;Evet;;;;;;;;;;;;;;;;;;
151;Mehmed II;;Gaziler;;;;;Erkek;;;;;Olumlu;Evet;;;;;;;;;;;;;;;;;;
151;Mehmed II;Kafirler;Kafir;;;;;;;;;;Olumsuz;-;;;;;;;;;;;;;;;;;;
152;Mehmed II;Kafirler;Beg;;;;;Erkek;;;;;Olumsuz;-;;;;;;;;;;;;;;;;;;
152;Mehmed II;;Tekfur;;;;;Erkek;;;;;Olumsuz;-;;;;;;;;;;;;;;;;;;
153;Mehmed II;Kafirler;Kafir;;;;;;;;;;Olumsuz;-;;;;;;;;;;;;;;;;;;
154;Mehmed II;Ahmed;Vezir;;;;;Erkek;;;;Gedik;;Evet;;;;;;;;;;;;;;;;;;
156;Bayezid II;Bayezid II;Sultan;;Mehmed 2 Oğlu;;;Erkek;;;;;Olumlu;Evet;;;;;;;;;;;;;;;;;;
156;Bayezid II;Cem Sultan;Sultan;;Mehmed 2 Oğlu;;;Erkek;;;;;;Evet;;;;;;;;;;;;;;;;;;
156;Bayezid II;Mustafa;Vezir;;;;;Erkek;;;;Keklik;Olumlu;Evet;;;;;;;;;;;;;;;;;;
157;Bayezid II;Bayezid II;Sultan;;Mehmed 2 Oğlu;;;Erkek;;;;;Olumlu;Evet;;;;;;;;;;;;;;;;;;
157;Bayezid II;Cem Sultan;Sultan;;Mehmed 2 Oğlu;;;Erkek;;;;;;Evet;;;;;;;;;;;;;;;;;;
158;Bayezid II;Bayezid II;Sultan;;Mehmed 2 Oğlu;;;Erkek;;;;;Olumlu;Evet;;;;;;;;;;;;;;;;;;
158;Bayezid II;Cem Sultan;Sultan;;Mehmed 2 Oğlu;;;Erkek;;;;;;Evet;;;;;;;;;;;;;;;;;;
158;Bayezid II;Selçuk;Hatun;;;;;Kadın;;;;;;-;;;;;;;;;;;;;;;;;;
158;Bayezid II;Şükrullah;Mevlana;;;;;Erkek;;;;;;;;;;;;;;;;;;;;;;;;
159;Bayezid II;Cem Sultan;Sultan;;Mehmed 2 Oğlu;;;Erkek;;;;;;Evet;;;;;;;;;;;;;;;;;;
159;Bayezid II;Bayezid II;Sultan;;Mehmed 2 Oğlu;;;Erkek;;;;;Olumlu;Evet;;;;;;;;;;;;;;;;;;
159;Bayezid II;Ahmed;Vezir;;;;;Erkek;;;;Gedik;Olumlu;Evet;;;;;;;;;;;;;;;;;;
159;Bayezid II;Kasım;Beg;;;;;Erkek;;;;;;-;;;;;;;;;;;;;;;;;;
160;Bayezid II;Korkut;Şehzade;;Bayezid 2 Oğlu;;;Erkek;;;;;Olumlu;Evet;;;;;;;;;;;;;;;;;;
160;Bayezid II;Şahinşah;Şehzade;;Bayezid 2 Oğlu;;;Erkek;;;;;Olumlu;Evet;;;;;;;;;;;;;;;;;;
162;Bayezid II;Osman Gazi;Padişah;;Süleyman Torunu;;;Erkek;;;;Gazi;Olumlu;Evet;;;;;;;;;;;;;;;;;;
162;Bayezid II;Süleyman;Beg;;;;;Erkek;;;;Şah;Olumlu;Evet;;;;;;;;;;;;;;;;;;
162;Bayezid II;Ramazan;;;;;;Erkek;;;;;Olumlu;Evet;;;;;;;;;;;;;;;;;;
162;Bayezid II;Timur;;;;;;Erkek;;;;Kuş;Olumlu;Evet;;;;;;;;;;;;;;;;;;
163;Bayezid II;Timur;;;;;;Erkek;;;;Kuş;Olumlu;Evet;;;;;;;;;;;;;;;;;;
164;Bayezid II;;Beg;;;;;Erkek;;;;;Olumsuz;-;;;;;;;;;;;;;;;;;;
164;Bayezid II;Ali;Bey;;Mihal Oğlu;;;Erkek;;;;;;-;;;;;;;;;;;;;;;;;;
166;Bayezid II;Hayreddin;Vezir;;;;;Erkek;;;;Paşa;Olumlu;Evet;;;;;;;;;;;;;;;;;;
166;Bayezid II;Ali;Vezir;;;;;Erkek;;;;Paşa;Olumlu;Evet;;;;;;;;;;;;;;;;;;
166;Bayezid II;Hasan Çelebi;Paşa;;;;;Erkek;;;;;Olumlu;Evet;;;;;;;;;;;;;;;;;;
166;Bayezid II;İbrahim Çelebi;Paşa;;;;;Erkek;;;;;Olumlu;Evet;;;;;;;;;;;;;;;;;;
166;Bayezid II;Bayezid II;Paşa;;;;;Erkek;;;;;Olumlu;Evet;;;;;;;;;;;;;;;;;;
166;Bayezid II;Çandarlı Halil;Paşa;;;;;Erkek;;;;Hacı;Olumlu;Evet;;;;;;;;;;;;;;;;;;
166;Bayezid II;Karaca;Paşa;;;;;Erkek;;;;;Olumlu;Evet;;;;;;;;;;;;;;;;;;
166;Bayezid II;İvaz;Paşa;;;;;Erkek;;;;Hacı;Olumlu;Evet;;;;;;;;;;;;;;;;;;
166;Bayezid II;Mehmed;Paşa;;;;;Erkek;;;;;Olumlu;Evet;;;;;;;;;;;;;;;;;;
166;Bayezid II;Fazlullah;Paşa;;;;;Erkek;;;;;Olumlu;Evet;;;;;;;;;;;;;;;;;;
166;Bayezid II;Sarıca;Paşa;;;;;Erkek;;;;;Olumlu;Evet;;;;;;;;;;;;;;;;;;
166;Bayezid II;İshak;Paşa;;;;;Erkek;;;;;Olumlu;Evet;;;;;;;;;;;;;;;;;;
166;Bayezid II;Şahin;Paşa;;;;;Erkek;;;;Kula;Olumlu;Evet;;;;;;;;;;;;;;;;;;
166;Bayezid II;Kasım;Paşa;;Tuturmezik oğlu;;;Erkek;;;;;Olumlu;Evet;;;;;;;;;;;;;;;;;;
166;Bayezid II;Zağanos;Paşa;;;;;Erkek;;;;;Olumlu;Evet;;;;;;;;;;;;;;;;;;
166;Bayezid II;Kemal;Paşa;;;;;Erkek;;;;;Olumlu;Evet;;;;;;;;;;;;;;;;;;
166;Bayezid II;Ahmed;Paşa;;Veliyyüddin Oğlu;;;Erkek;;;;;Olumlu;Evet;;;;;;;;;;;;;;;;;;
166;Bayezid II;Mustafa;Paşa;;;;;Erkek;;;;;Olumlu;Evet;;;;;;;;;;;;;;;;;;
166;Bayezid II;Ahmed;Vezir;;;;;Erkek;;;;Gedik;Olumlu;Evet;;;;;;;;;;;;;;;;;;
166;Bayezid II;Mahmud;Vezir;;;;;Erkek;;;;;Olumlu;Evet;;;;;;;;;;;;;;;;;;
166;Bayezid II;Mesih;Paşa;;;;;Erkek;;;;;Olumlu;Evet;;;;;;;;;;;;;;;;;;
166;Bayezid II;Fayik;Paşa;;;;;Erkek;;;;;Olumlu;Evet;;;;;;;;;;;;;;;;;;
166;Bayezid II;İbrahim;Nişancı;;;;;Erkek;;;;;Olumlu;Evet;;;;;;;;;;;;;;;;;;
166;Bayezid II;Mehmed;Vezir;;;;;Erkek;;;;Rum;Olumlu;Evet;;;;;;;;;;;;;;;;;;
166;Bayezid II;Yakub;Paşa;;;;;Erkek;;;;Hakim;Olumlu;Evet;;;;;;;;;;;;;;;;;;
166;Bayezid II;Sinan;Paşa;;;;;Erkek;;;;;Olumlu;Evet;;;;;;;;;;;;;;;;;;
166;Bayezid II;Kasım;Paşa;;;;;Erkek;;;;Cezeri;Olumlu;Evet;;;;;;;;;;;;;;;;;;
166;Bayezid II;Davud;Paşa;;;;;Erkek;;;;;Olumlu;Evet;;;;;;;;;;;;;;;;;;
166;Bayezid II;Mehmed;Paşa;;Hızırağa oğlu;;;Erkek;;;;;Olumlu;Evet;;;;;;;;;;;;;;;;;;
166;Bayezid II;Ahmed;Paşa;;Fenarioğlu;;;Erkek;;;;;Olumlu;Evet;;;;;;;;;;;;;;;;;;
169;Osman Gazi;Osmân Gazi Han;Hanedan;;;;;Erkek;;;;;;Evet;;;;;;;;;;;;;;;;;;
169;Orhan Gazi;Orhan-ı Gazi ;Hanedan;;;;;Erkek;;;;;;Evet;;;;;;;;;;;;;;;;;;
169;Murad I;Murad I;Hanedan;;;;;Erkek;;;;gazi hünkar ;Nötr;Evet;;;;;;;;;;;;;;;;;;
169;Bayezid I;Bayezid I;Hanedan;;;;;Erkek;;;;;;Evet;;;;;;;;;;;;;;;;;;
169;Mehmed I;Mehmed I;Hanedan;;;;;Erkek;;;;;;Evet;;;;;;;;;;;;;;;;;;
169;Murad II;Fazlullah Paşa;Paşa;;;;;Erkek;;;;;;Evet;;;;;;;;;;;;;;;;;;
169;Murad II;Mevlânâ Yigan;-;;;;;Erkek;;;;;;Evet;;;;;;;;;;;;;;;;;;
169;Murad II;Çandarlı Halil;Paşa;;;;;Erkek;;;;;;Evet;;;;;;;;;;;;;;;;;;
170;Bayezid I;Yıldurum Hündkâr;Hanedan;;;;;Erkek;;;;;;Evet;;;;;;;;;;;;;;;;;;
170;Bayezid I;Temür;Hanedan;;;;;Erkek;;;;bedbaht;Olumsuz;Hayır;;;;;;;;;;;;;;;;;;
170;Bayezid I;Sultân Ahmed;Hanedan;;;;;Erkek;;;;;;Evet;;;Telef;;;;;;;;;;;;;;;
170;Bayezid I;İmirza Şâh;Hanedan;;;;;Erkek;;;;Horasan padişahı;Nötr;Hayır;;;;;;;;;;;;;;;;;;
170;Bayezid I;Karamanoglı İbrâhîm Beg;Beg;;;;;Erkek;;;;;;Hayır;;;;;;;;;;;;;;;;;;
170;Ertuğrul Gazi;Baba İlyâs Dîvane;Ulema;;;;;Erkek;;;;;;Evet;;;;;;;;;;;;;;;;;;
170;Ertuğrul Gazi;Baba İlyâs Dîvane;Ulema;;;;;Erkek;;;;Baba İlyas'ın halifesi;Nötr;Evet;;;;;;;;;;;;;;;;;;
170;Ertuğrul Gazi;Baba İlyâs Dîvane;Ulema;;;;;Erkek;;;;duası makbul;Olumlu;Evet;;;;;;;;;;;;;;;;;;
170;Ertuğrul Gazi;Baba İlyâs Dîvane;Ulema;;;;;Erkek;;;;aziz;Olumlu;Evet;;;;;;;;;;;;;;;;;;
170;Ertuğrul Gazi;Baba İlyâs Dîvane;Ulema;;;;;Erkek;;;;kerameti zahir;Olumlu;Evet;;;;;;;;;;;;;;;;;;
170;Ertuğrul Gazi;Baba İlyâs Dîvane;Ulema;;;;;Erkek;;;;duası müstecab;Olumlu;Evet;;;;;;;;;;;;;;;;;;
170;Ertuğrul Gazi;Koçum Seydî;Ulema;;;;;Erkek;;;;duası makbul;Olumlu;Evet;;;;;;;;;;;;;;;;;;
170;Ertuğrul Gazi;Koçum Seydî;Ulema;;;;;Erkek;;;;aziz;Olumlu;Evet;;;;;;;;;;;;;;;;;;
170;Ertuğrul Gazi;Koçum Seydî;Ulema;;;;;Erkek;;;;kerameti zahir;Olumlu;Evet;;;;;;;;;;;;;;;;;;
170;Ertuğrul Gazi;Koçum Seydî;Ulema;;;;;Erkek;;;;duası müstecab;Olumlu;Evet;;;;;;;;;;;;;;;;;;
170;Osman Gazi;Tursun Fakı;Ulema;;;;;Erkek;;;;duası makbul;Olumlu;Evet;;;;;;;;;;;;;;;;;;
170;Osman Gazi;Tursun Fakı;Ulema;;;;;Erkek;;;;aziz;Olumlu;Evet;;;;;;;;;;;;;;;;;;
170;Osman Gazi;Tursun Fakı;Ulema;;;;;Erkek;;;;kerameti zahir;Olumlu;Evet;;;;;;;;;;;;;;;;;;
170;Osman Gazi;Tursun Fakı;Ulema;;;;;Erkek;;;;duası müstecab;Olumlu;Evet;;;;;;;;;;;;;;;;;;
170;Osman Gazi;Baba Muhlis;Ulema;;;;;Erkek;;;;duası makbul;Olumlu;Evet;;;;;;;;;;;;;;;;;;
170;Osman Gazi;Baba Muhlis;Ulema;;;;;Erkek;;;;aziz;Olumlu;Evet;;;;;;;;;;;;;;;;;;
170;Osman Gazi;Baba Muhlis;Ulema;;;;;Erkek;;;;kerameti zahir;Olumlu;Evet;;;;;;;;;;;;;;;;;;
170;Osman Gazi;Baba Muhlis;Ulema;;;;;Erkek;;;;duası müstecab;Olumlu;Evet;;;;;;;;;;;;;;;;;;
170;Osman Gazi;Edebalı;Ulema;;Osman Gazi'nin kayın atası;;;Erkek;;;;duası makbul;Olumlu;Evet;;;;;;;;;;;;;;;;;;
170;Osman Gazi;Edebalı;Ulema;;Osman Gazi'nin kayın atası;;;Erkek;;;;aziz;Olumlu;Evet;;;;;;;;;;;;;;;;;;
170;Osman Gazi;Edebalı;Ulema;;Osman Gazi'nin kayın atası;;;Erkek;;;;kerameti zahir;Olumlu;Evet;;;;;;;;;;;;;;;;;;
170;Osman Gazi;Edebalı;Ulema;;Osman Gazi'nin kayın atası;;;Erkek;;;;duası müstecab;Olumlu;Evet;;;;;;;;;;;;;;;;;;
170;Orhan Gazi;Dâvud-ı Kayserî;Ulema;;;;;Erkek;;;;duası makbul;Olumlu;Evet;;;;;;;;;;;;;;;;;;
170;Orhan Gazi;Dâvud-ı Kayserî;Ulema;;;;;Erkek;;;;aziz;Olumlu;Evet;;;;;;;;;;;;;;;;;;
170;Orhan Gazi;Dâvud-ı Kayserî;Ulema;;;;;Erkek;;;;kerameti zahir;Olumlu;Evet;;;;;;;;;;;;;;;;;;
170;Orhan Gazi;Dâvud-ı Kayserî;Ulema;;;;;Erkek;;;;duası müstecab;Olumlu;Evet;;;;;;;;;;;;;;;;;;
170;Orhan Gazi;Tâceddîn-i Kürdî;Ulema;;;;;Erkek;;;;duası makbul;Olumlu;Evet;;;;;;;;;;;;;;;;;;
170;Orhan Gazi;Tâceddîn-i Kürdî;Ulema;;;;;Erkek;;;;aziz;Olumlu;Evet;;;;;;;;;;;;;;;;;;
170;Orhan Gazi;Tâceddîn-i Kürdî;Ulema;;;;;Erkek;;;;kerameti zahir;Olumlu;Evet;;;;;;;;;;;;;;;;;;
170;Orhan Gazi;Tâceddîn-i Kürdî;Ulema;;;;;Erkek;;;;duası müstecab;Olumlu;Evet;;;;;;;;;;;;;;;;;;
170;Murad I;Âşık Paşam;Ulema;;;;;Erkek;;;;duası makbul;Olumlu;Evet;;;;;;;;;;;;;;;;;;
170;Murad I;Âşık Paşam;Ulema;;;;;Erkek;;;;aziz;Olumlu;Evet;;;;;;;;;;;;;;;;;;
170;Murad I;Âşık Paşam;Ulema;;;;;Erkek;;;;kerameti zahir;Olumlu;Evet;;;;;;;;;;;;;;;;;;
170;Murad I;Âşık Paşam;Ulema;;;;;Erkek;;;;duası müstecab;Olumlu;Evet;;;;;;;;;;;;;;;;;;
170;Murad I;Giyüklü Baba;Ulema;;;;;Erkek;;;;duası makbul;Olumlu;Evet;;;;;;;;;;;;;;;;;;
170;Murad I;Giyüklü Baba;Ulema;;;;;Erkek;;;;aziz;Olumlu;Evet;;;;;;;;;;;;;;;;;;
170;Murad I;Giyüklü Baba;Ulema;;;;;Erkek;;;;kerameti zahir;Olumlu;Evet;;;;;;;;;;;;;;;;;;
170;Murad I;Giyüklü Baba;Ulema;;;;;Erkek;;;;duası müstecab;Olumlu;Evet;;;;;;;;;;;;;;;;;;
170;Murad I;Yûnus Emre;Ulema;;;;;Erkek;;;;duası makbul;Olumlu;Evet;;;;;;;;;;;;;;;;;;
170;Murad I;Yûnus Emre;Ulema;;;;;Erkek;;;;aziz;Olumlu;Evet;;;;;;;;;;;;;;;;;;
170;Murad I;Yûnus Emre;Ulema;;;;;Erkek;;;;kerameti zahir;Olumlu;Evet;;;;;;;;;;;;;;;;;;
170;Murad I;Yûnus Emre;Ulema;;;;;Erkek;;;;duası müstecab;Olumlu;Evet;;;;;;;;;;;;;;;;;;
170;Murad I;Şeyh Tapduk Emre;Ulema;;;;;Erkek;;;;duası makbul;Olumlu;Evet;;;;;;;;;;;;;;;;;;
170;Murad I;Şeyh Tapduk Emre;Ulema;;;;;Erkek;;;;aziz;Olumlu;Evet;;;;;;;;;;;;;;;;;;
170;Murad I;Şeyh Tapduk Emre;Ulema;;;;;Erkek;;;;kerameti zahir;Olumlu;Evet;;;;;;;;;;;;;;;;;;
170;Murad I;Şeyh Tapduk Emre;Ulema;;;;;Erkek;;;;duası müstecab;Olumlu;Evet;;;;;;;;;;;;;;;;;;
170;Murad I;Ahı Evren;Ulema;;;;;Erkek;;;;duası makbul;Olumlu;Evet;;;;;;;;;;;;;;;;;;
170;Murad I;Ahı Evren;Ulema;;;;;Erkek;;;;aziz;Olumlu;Evet;;;;;;;;;;;;;;;;;;
170;Murad I;Ahı Evren;Ulema;;;;;Erkek;;;;kerameti zahir;Olumlu;Evet;;;;;;;;;;;;;;;;;;
170;Murad I;Ahı Evren;Ulema;;;;;Erkek;;;;duası müstecab;Olumlu;Evet;;;;;;;;;;;;;;;;;;
170;Murad I;Karaca Ahmed Sultân;Ulema;;;;;Erkek;;;;duası makbul;Olumlu;Evet;;;;;;;;;;;;;;;;;;
170;Murad I;Karaca Ahmed Sultân;Ulema;;;;;Erkek;;;;aziz;Olumlu;Evet;;;;;;;;;;;;;;;;;;
170;Murad I;Karaca Ahmed Sultân;Ulema;;;;;Erkek;;;;kerameti zahir;Olumlu;Evet;;;;;;;;;;;;;;;;;;
170;Murad I;Karaca Ahmed Sultân;Ulema;;;;;Erkek;;;;duası müstecab;Olumlu;Evet;;;;;;;;;;;;;;;;;;
170;Murad I;Koca Efendi;Ulema;;;;;Erkek;;;;duası makbul;Olumlu;Evet;;;;;;;;;;;;;;;;;;
170;Murad I;Koca Efendi;Ulema;;;;;Erkek;;;;aziz;Olumlu;Evet;;;;;;;;;;;;;;;;;;
170;Murad I;Koca Efendi;Ulema;;;;;Erkek;;;;kerameti zahir;Olumlu;Evet;;;;;;;;;;;;;;;;;;
170;Murad I;Koca Efendi;Ulema;;;;;Erkek;;;;duası müstecab;Olumlu;Evet;;;;;;;;;;;;;;;;;;
170;Murad I;Kâdızâde-i Rûmî;Ulema;;;;;Erkek;;;;duası makbul;Olumlu;Evet;;;;;;;;;;;;;;;;;;
170;Murad I;Kâdızâde-i Rûmî;Ulema;;;;;Erkek;;;;aziz;Olumlu;Evet;;;;;;;;;;;;;;;;;;
170;Murad I;Kâdızâde-i Rûmî;Ulema;;;;;Erkek;;;;kerameti zahir;Olumlu;Evet;;;;;;;;;;;;;;;;;;
170;Murad I;Kâdızâde-i Rûmî;Ulema;;;;;Erkek;;;;duası müstecab;Olumlu;Evet;;;;;;;;;;;;;;;;;;
170;Murad I;Abdal Mûrad;Ulema;;;;;Erkek;;;;duası makbul;Olumlu;Evet;;;;;;;;;;;;;;;;;;
170;Murad I;Abdal Mûrad;Ulema;;;;;Erkek;;;;aziz;Olumlu;Evet;;;;;;;;;;;;;;;;;;
170;Murad I;Abdal Mûrad;Ulema;;;;;Erkek;;;;kerameti zahir;Olumlu;Evet;;;;;;;;;;;;;;;;;;
170;Murad I;Abdal Mûrad;Ulema;;;;;Erkek;;;;duası müstecab;Olumlu;Evet;;;;;;;;;;;;;;;;;;
170;Murad I;Mûsî Baba;Ulema;;;;;Erkek;;;;duası makbul;Olumlu;Evet;;;;;;;;;;;;;;;;;;
170;Murad I;Mûsî Baba;Ulema;;;;;Erkek;;;;aziz;Olumlu;Evet;;;;;;;;;;;;;;;;;;
170;Murad I;Mûsî Baba;Ulema;;;;;Erkek;;;;kerameti zahir;Olumlu;Evet;;;;;;;;;;;;;;;;;;
170;Murad I;Mûsî Baba;Ulema;;;;;Erkek;;;;duası müstecab;Olumlu;Evet;;;;;;;;;;;;;;;;;;
170;Murad I;Pirahmed Cesterî;Ulema;;;;;Erkek;;;;duası makbul;Olumlu;Evet;;;;;;;;;;;;;;;;;;
170;Murad I;Pirahmed Cesterî;Ulema;;;;;Erkek;;;;aziz;Olumlu;Evet;;;;;;;;;;;;;;;;;;
170;Murad I;Pirahmed Cesterî;Ulema;;;;;Erkek;;;;kerameti zahir;Olumlu;Evet;;;;;;;;;;;;;;;;;;
170;Murad I;Pirahmed Cesterî;Ulema;;;;;Erkek;;;;duası müstecab;Olumlu;Evet;;;;;;;;;;;;;;;;;;
170;Bayezid I;Mevlânâ Şemseddîn-i Fenârî;Ulema;;;;;Erkek;;;;duası makbul;Olumlu;Evet;;;;;;;;;;;;;;;;;;
170;Bayezid I;Mevlânâ Şemseddîn-i Fenârî;Ulema;;;;;Erkek;;;;aziz;Olumlu;Evet;;;;;;;;;;;;;;;;;;
170;Bayezid I;Mevlânâ Şemseddîn-i Fenârî;Ulema;;;;;Erkek;;;;kerameti zahir;Olumlu;Evet;;;;;;;;;;;;;;;;;;
170;Bayezid I;Mevlânâ Şemseddîn-i Fenârî;Ulema;;;;;Erkek;;;;duası müstecab;Olumlu;Evet;;;;;;;;;;;;;;;;;;
170;Bayezid I;Mevlânâ Kutbeddîn-i İznîkî;Ulema;;;;;Erkek;;;;duası makbul;Olumlu;Evet;;;;;;;;;;;;;;;;;;
170;Bayezid I;Mevlânâ Kutbeddîn-i İznîkî;Ulema;;;;;Erkek;;;;aziz;Olumlu;Evet;;;;;;;;;;;;;;;;;;
170;Bayezid I;Mevlânâ Kutbeddîn-i İznîkî;Ulema;;;;;Erkek;;;;kerameti zahir;Olumlu;Evet;;;;;;;;;;;;;;;;;;
170;Bayezid I;Mevlânâ Kutbeddîn-i İznîkî;Ulema;;;;;Erkek;;;;duası müstecab;Olumlu;Evet;;;;;;;;;;;;;;;;;;
170;Bayezid I;Şeyh Yar 'Ali Horasânî ;Ulema;;;;;Erkek;;;;duası makbul;Olumlu;Evet;;;;;;;;;;;;;;;;;;
170;Bayezid I;Şeyh Yar 'Ali Horasânî ;Ulema;;;;;Erkek;;;;aziz;Olumlu;Evet;;;;;;;;;;;;;;;;;;
170;Bayezid I;Şeyh Yar 'Ali Horasânî ;Ulema;;;;;Erkek;;;;kerameti zahir;Olumlu;Evet;;;;;;;;;;;;;;;;;;
170;Bayezid I;Şeyh Yar 'Ali Horasânî ;Ulema;;;;;Erkek;;;;duası müstecab;Olumlu;Evet;;;;;;;;;;;;;;;;;;
170;Bayezid I;Şeyh Cezerî Sîrôzî;Ulema;;;;;Erkek;;;;duası makbul;Olumlu;Evet;;;;;;;;;;;;;;;;;;
170;Bayezid I;Şeyh Cezerî Sîrôzî;Ulema;;;;;Erkek;;;;aziz;Olumlu;Evet;;;;;;;;;;;;;;;;;;
170;Bayezid I;Şeyh Cezerî Sîrôzî;Ulema;;;;;Erkek;;;;kerameti zahir;Olumlu;Evet;;;;;;;;;;;;;;;;;;
170;Bayezid I;Şeyh Cezerî Sîrôzî;Ulema;;;;;Erkek;;;;duası müstecab;Olumlu;Evet;;;;;;;;;;;;;;;;;;
170;Bayezid I;Şeyh Hamîd;Ulema;;;;;Erkek;;;;duası makbul;Olumlu;Evet;;;;;;;;;;;;;;;;;;
170;Bayezid I;Şeyh Hamîd;Ulema;;;;;Erkek;;;;aziz;Olumlu;Evet;;;;;;;;;;;;;;;;;;
170;Bayezid I;Şeyh Hamîd;Ulema;;;;;Erkek;;;;kerameti zahir;Olumlu;Evet;;;;;;;;;;;;;;;;;;
170;Bayezid I;Şeyh Hamîd;Ulema;;;;;Erkek;;;;duası müstecab;Olumlu;Evet;;;;;;;;;;;;;;;;;;
170;Bayezid I;Şeyh Fahreddîn Mudurnî;Ulema;;;;;Erkek;;;;duası makbul;Olumlu;Evet;;;;;;;;;;;;;;;;;;
170;Bayezid I;Şeyh Fahreddîn Mudurnî;Ulema;;;;;Erkek;;;;aziz;Olumlu;Evet;;;;;;;;;;;;;;;;;;
170;Bayezid I;Şeyh Fahreddîn Mudurnî;Ulema;;;;;Erkek;;;;kerameti zahir;Olumlu;Evet;;;;;;;;;;;;;;;;;;
170;Bayezid I;Şeyh Fahreddîn Mudurnî;Ulema;;;;;Erkek;;;;duası müstecab;Olumlu;Evet;;;;;;;;;;;;;;;;;;
170;Mehmed I;Mevlânâ Hayreddîn-i Hirevî;Ulema;;;;;Erkek;;;;duası makbul;Olumlu;Evet;;;;;;;;;;;;;;;;;;
170;Mehmed I;Mevlânâ Hayreddîn-i Hirevî;Ulema;;;;;Erkek;;;;aziz;Olumlu;Evet;;;;;;;;;;;;;;;;;;
170;Mehmed I;Mevlânâ Hayreddîn-i Hirevî;Ulema;;;;;Erkek;;;;kerameti zahir;Olumlu;Evet;;;;;;;;;;;;;;;;;;
170;Mehmed I;Mevlânâ Hayreddîn-i Hirevî;Ulema;;;;;Erkek;;;;duası müstecab;Olumlu;Evet;;;;;;;;;;;;;;;;;;
170;Mehmed I;Mevlânâ Fahreddîn;Ulema;;;;;Erkek;;;;duası makbul;Olumlu;Evet;;;;;;;;;;;;;;;;;;
170;Mehmed I;Mevlânâ Fahreddîn;Ulema;;;;;Erkek;;;;aziz;Olumlu;Evet;;;;;;;;;;;;;;;;;;
170;Mehmed I;Mevlânâ Fahreddîn;Ulema;;;;;Erkek;;;;kerameti zahir;Olumlu;Evet;;;;;;;;;;;;;;;;;;
170;Mehmed I;Mevlânâ Fahreddîn;Ulema;;;;;Erkek;;;;duası müstecab;Olumlu;Evet;;;;;;;;;;;;;;;;;;
170;Mehmed I;Seyyid Muhammed-i Buhârî;Ulema;;;;;Erkek;;;;duası makbul;Olumlu;Evet;;;;;;;;;;;;;;;;;;
170;Mehmed I;Seyyid Muhammed-i Buhârî;Ulema;;;;;Erkek;;;;aziz;Olumlu;Evet;;;;;;;;;;;;;;;;;;
170;Mehmed I;Seyyid Muhammed-i Buhârî;Ulema;;;;;Erkek;;;;kerameti zahir;Olumlu;Evet;;;;;;;;;;;;;;;;;;
170;Mehmed I;Seyyid Muhammed-i Buhârî;Ulema;;;;;Erkek;;;;duası müstecab;Olumlu;Evet;;;;;;;;;;;;;;;;;;
170;Mehmed I;Rûmdan Şeyh Hacı Bayram;Ulema;;;;;Erkek;;;;duası makbul;Olumlu;Evet;;;;;;;;;;;;;;;;;;
170;Mehmed I;Rûmdan Şeyh Hacı Bayram;Ulema;;;;;Erkek;;;;aziz;Olumlu;Evet;;;;;;;;;;;;;;;;;;
170;Mehmed I;Rûmdan Şeyh Hacı Bayram;Ulema;;;;;Erkek;;;;kerameti zahir;Olumlu;Evet;;;;;;;;;;;;;;;;;;
170;Mehmed I;Rûmdan Şeyh Hacı Bayram;Ulema;;;;;Erkek;;;;duası müstecab;Olumlu;Evet;;;;;;;;;;;;;;;;;;
170;Murad II;Mevlânâ Şerefeddîn-i Kırîmî;Ulema;;;;;Erkek;;;;duası makbul;Olumlu;Evet;;;;;;;;;;;;;;;;;;
170;Murad II;Mevlânâ Şerefeddîn-i Kırîmî;Ulema;;;;;Erkek;;;;aziz;Olumlu;Evet;;;;;;;;;;;;;;;;;;
170;Murad II;Mevlânâ Şerefeddîn-i Kırîmî;Ulema;;;;;Erkek;;;;kerameti zahir;Olumlu;Evet;;;;;;;;;;;;;;;;;;
170;Murad II;Mevlânâ Şerefeddîn-i Kırîmî;Ulema;;;;;Erkek;;;;duası müstecab;Olumlu;Evet;;;;;;;;;;;;;;;;;;
170;Murad II;Mevlânâ Hayreddîn-i Kırîmî;Ulema;;;;;Erkek;;;;duası makbul;Olumlu;Evet;;;;;;;;;;;;;;;;;;
170;Murad II;Mevlânâ Hayreddîn-i Kırîmî;Ulema;;;;;Erkek;;;;aziz;Olumlu;Evet;;;;;;;;;;;;;;;;;;
170;Murad II;Mevlânâ Hayreddîn-i Kırîmî;Ulema;;;;;Erkek;;;;kerameti zahir;Olumlu;Evet;;;;;;;;;;;;;;;;;;
170;Murad II;Mevlânâ Hayreddîn-i Kırîmî;Ulema;;;;;Erkek;;;;duası müstecab;Olumlu;Evet;;;;;;;;;;;;;;;;;;
170;Murad II;Mevlânâ Ahmed-i Gûrânî;Ulema;;;;;Erkek;;;;duası makbul;Olumlu;Evet;;;;;;;;;;;;;;;;;;
170;Murad II;Mevlânâ Ahmed-i Gûrânî;Ulema;;;;;Erkek;;;;aziz;Olumlu;Evet;;;;;;;;;;;;;;;;;;
170;Murad II;Mevlânâ Ahmed-i Gûrânî;Ulema;;;;;Erkek;;;;kerameti zahir;Olumlu;Evet;;;;;;;;;;;;;;;;;;
170;Murad II;Mevlânâ Ahmed-i Gûrânî;Ulema;;;;;Erkek;;;;duası müstecab;Olumlu;Evet;;;;;;;;;;;;;;;;;;
170;Murad II;Akşemseddîn ;Ulema;;;;;Erkek;;;;duası makbul;Olumlu;Evet;;;;;;;;;;;;;;;;;;
170;Murad II;Akşemseddîn ;Ulema;;;;;Erkek;;;;aziz;Olumlu;Evet;;;;;;;;;;;;;;;;;;
170;Murad II;Akşemseddîn ;Ulema;;;;;Erkek;;;;kerameti zahir;Olumlu;Evet;;;;;;;;;;;;;;;;;;
170;Murad II;Akşemseddîn ;Ulema;;;;;Erkek;;;;duası müstecab;Olumlu;Evet;;;;;;;;;;;;;;;;;;
170;Murad II;Şeyh 'Abdurrahîm-i Rûmî;Ulema;;;;;Erkek;;;;duası makbul;Olumlu;Evet;;;;;;;;;;;;;;;;;;
170;Murad II;Şeyh 'Abdurrahîm-i Rûmî;Ulema;;;;;Erkek;;;;aziz;Olumlu;Evet;;;;;;;;;;;;;;;;;;
170;Murad II;Şeyh 'Abdurrahîm-i Rûmî;Ulema;;;;;Erkek;;;;kerameti zahir;Olumlu;Evet;;;;;;;;;;;;;;;;;;
170;Murad II;Şeyh 'Abdurrahîm-i Rûmî;Ulema;;;;;Erkek;;;;duası müstecab;Olumlu;Evet;;;;;;;;;;;;;;;;;;
170;Murad II;Akbıyık;Ulema;;;;;Erkek;;;;duası makbul;Olumlu;Evet;;;;;;;;;;;;;;;;;;
170;Murad II;Akbıyık;Ulema;;;;;Erkek;;;;aziz;Olumlu;Evet;;;;;;;;;;;;;;;;;;
170;Murad II;Akbıyık;Ulema;;;;;Erkek;;;;kerameti zahir;Olumlu;Evet;;;;;;;;;;;;;;;;;;
170;Murad II;Akbıyık;Ulema;;;;;Erkek;;;;duası müstecab;Olumlu;Evet;;;;;;;;;;;;;;;;;;
170;Mehmed II;Mevlânâ Hüsref;Ulema;;;;;Erkek;;;;duası makbul;Olumlu;Evet;;;;;;;;;;;;;;;;;;
170;Mehmed II;Mevlânâ Hüsref;Ulema;;;;;Erkek;;;;aziz;Olumlu;Evet;;;;;;;;;;;;;;;;;;
170;Mehmed II;Mevlânâ Hüsref;Ulema;;;;;Erkek;;;;kerameti zahir;Olumlu;Evet;;;;;;;;;;;;;;;;;;
170;Mehmed II;Mevlânâ Hüsref;Ulema;;;;;Erkek;;;;duası müstecab;Olumlu;Evet;;;;;;;;;;;;;;;;;;
170;Mehmed II;Mevlânâ Yigan;Ulema;;;;;Erkek;;;;duası makbul;Olumlu;Evet;;;;;;;;;;;;;;;;;;
170;Mehmed II;Mevlânâ Yigan;Ulema;;;;;Erkek;;;;aziz;Olumlu;Evet;;;;;;;;;;;;;;;;;;
170;Mehmed II;Mevlânâ Yigan;Ulema;;;;;Erkek;;;;kerameti zahir;Olumlu;Evet;;;;;;;;;;;;;;;;;;
170;Mehmed II;Mevlânâ Yigan;Ulema;;;;;Erkek;;;;duası müstecab;Olumlu;Evet;;;;;;;;;;;;;;;;;;
170;Mehmed II;Şeyh Abdüllatîf-i Makdisî;Ulema;;;;;Erkek;;;;duası makbul;Olumlu;Evet;;;;;;;;;;;;;;;;;;
170;Mehmed II;Şeyh Abdüllatîf-i Makdisî;Ulema;;;;;Erkek;;;;aziz;Olumlu;Evet;;;;;;;;;;;;;;;;;;
170;Mehmed II;Şeyh Abdüllatîf-i Makdisî;Ulema;;;;;Erkek;;;;kerameti zahir;Olumlu;Evet;;;;;;;;;;;;;;;;;;
170;Mehmed II;Şeyh Abdüllatîf-i Makdisî;Ulema;;;;;Erkek;;;;duası müstecab;Olumlu;Evet;;;;;;;;;;;;;;;;;;
170;Mehmed II;Gümişoglı;Ulema;;;;;Erkek;;;;duası makbul;Olumlu;Evet;;;;;;;;;;;;;;;;;;
170;Mehmed II;Gümişoglı;Ulema;;;;;Erkek;;;;aziz;Olumlu;Evet;;;;;;;;;;;;;;;;;;
170;Mehmed II;Gümişoglı;Ulema;;;;;Erkek;;;;kerameti zahir;Olumlu;Evet;;;;;;;;;;;;;;;;;;
170;Mehmed II;Gümişoglı;Ulema;;;;;Erkek;;;;duası müstecab;Olumlu;Evet;;;;;;;;;;;;;;;;;;
170;Mehmed II;Şeyh Hâfî;Ulema;;;;;Erkek;;;;duası makbul;Olumlu;Evet;;;;;;;;;;;;;;;;;;
170;Mehmed II;Şeyh Hâfî;Ulema;;;;;Erkek;;;;aziz;Olumlu;Evet;;;;;;;;;;;;;;;;;;
170;Mehmed II;Şeyh Hâfî;Ulema;;;;;Erkek;;;;kerameti zahir;Olumlu;Evet;;;;;;;;;;;;;;;;;;
170;Mehmed II;Şeyh Hâfî;Ulema;;;;;Erkek;;;;duası müstecab;Olumlu;Evet;;;;;;;;;;;;;;;;;;
170;Mehmed II;Mevlânâ 'Alâeddîn;Ulema;;;;;Erkek;;;;duası makbul;Olumlu;Evet;;;;;;;;;;;;;;;;;;
170;Mehmed II;Mevlânâ 'Alâeddîn;Ulema;;;;;Erkek;;;;aziz;Olumlu;Evet;;;;;;;;;;;;;;;;;;
170;Mehmed II;Mevlânâ 'Alâeddîn;Ulema;;;;;Erkek;;;;kerameti zahir;Olumlu;Evet;;;;;;;;;;;;;;;;;;
170;Mehmed II;Mevlânâ 'Alâeddîn;Ulema;;;;;Erkek;;;;duası müstecab;Olumlu;Evet;;;;;;;;;;;;;;;;;;
170;Mehmed II;Mevlânâ Muhammed-i Zîrek;Ulema;;;;;Erkek;;;;duası makbul;Olumlu;Evet;;;;;;;;;;;;;;;;;;
170;Mehmed II;Mevlânâ Muhammed-i Zîrek;Ulema;;;;;Erkek;;;;aziz;Olumlu;Evet;;;;;;;;;;;;;;;;;;
170;Mehmed II;Mevlânâ Muhammed-i Zîrek;Ulema;;;;;Erkek;;;;kerameti zahir;Olumlu;Evet;;;;;;;;;;;;;;;;;;
170;Mehmed II;Mevlânâ Muhammed-i Zîrek;Ulema;;;;;Erkek;;;;duası müstecab;Olumlu;Evet;;;;;;;;;;;;;;;;;;
170;Mehmed II;Hızır Beg Çelebi;Ulema;;;;;Erkek;;;;duası makbul;Olumlu;Evet;;;;;;;;;;;;;;;;;;
170;Mehmed II;Hızır Beg Çelebi;Ulema;;;;;Erkek;;;;aziz;Olumlu;Evet;;;;;;;;;;;;;;;;;;
170;Mehmed II;Hızır Beg Çelebi;Ulema;;;;;Erkek;;;;kerameti zahir;Olumlu;Evet;;;;;;;;;;;;;;;;;;
170;Mehmed II;Hızır Beg Çelebi;Ulema;;;;;Erkek;;;;duası müstecab;Olumlu;Evet;;;;;;;;;;;;;;;;;;
170;Mehmed II;Hocazâde;Ulema;;;;;Erkek;;;;duası makbul;Olumlu;Evet;;;;;;;;;;;;;;;;;;
170;Mehmed II;Hocazâde;Ulema;;;;;Erkek;;;;aziz;Olumlu;Evet;;;;;;;;;;;;;;;;;;
170;Mehmed II;Hocazâde;Ulema;;;;;Erkek;;;;kerameti zahir;Olumlu;Evet;;;;;;;;;;;;;;;;;;
170;Mehmed II;Hocazâde;Ulema;;;;;Erkek;;;;duası müstecab;Olumlu;Evet;;;;;;;;;;;;;;;;;;
170;Pre - Osman;Hacı Bekdaş Sultân;Ulema;;;;;Erkek;;;;;;Evet;;;;;;;;;;;;;;;;;;
170;Pre - Osman;Menteş;Ulema;;Hacı Bekdaş'ın kardeşi;;;Erkek;;;;;;Evet;;;;;;;;;;;;;;;;;;
170;Pre - Osman;Bâciyân-ı Rûm;Ulema;;;;;Erkek;;;;Hatun Ana;Nötr;Evet;;;;;;;;;;;;;;;;;;
170;Pre - Osman;Abdal Mûsâ;Ulema;;;;;Erkek;;;;;;Evet;;;;;;;;;;;;;;;;;;
170;Orhan Gazi;Abdal Mûsâ;Ulema;;;;;Erkek;;;;;;Evet;;;;;;;;;;;;;;;;;;
170;Mehmed II;Resul Çelebi;Ulema;;;;;Erkek;;;;;;Evet;;;;;;;;;;;;;;;;;;
170;Mehmed II;Hacı Bekdaşoglı Mahmûd Çelebi;Ulema;;Resul Çelebi'nin oğlu;;;Erkek;;;;;;Evet;;;;;;;;;;;;;;;;;;
171;Mehmed II;Mehmed II;Hanedan;;;;;Erkek;;;;;;Evet;;;;;;;;;;;;;;;;;;
171;Mehmed II;Hôşkadem;Hanedan;;;;;Erkek;;;;;;Hayır;;;;;;;;;;;;;;;;;;
171;Mehmed II;Karaman'a gelen beglerbegi;Beglerbegi;;;;;Erkek;;;;;;Evet;;;;;;;;;;;;;;;;;;
171;Mehmed II;Dulkadıroglı;Beg;;;;;Erkek;;;;;;Hayır;;;;;;;;;;;;;;;;;;
171;Mehmed II;Mekkî Aslan Beg;Beg;;;;;Erkek;;;;;;Hayır;;;;;;;;;;;;;;;;;;
171;Mehmed II;Budak Beg;Beg;;Mekkî Aslan'ın kardeşi;;;Erkek;;;;;;Hayır;;;;;;;;;;;;;;;;;;
171;Mehmed II;Şâhsüvâr;Beg;;Mekkî Aslan'ın kardeşi;;;Erkek;;;;;;Hayır;;;;;;;;;;;;;;;;;;
171;Mehmed II;Rûm pâdişâhı;Hanedan;;;;;Erkek;;;;melûl;Olumsuz;Hayır;;;;;;;;;;;;;;;;;;
172;Mehmed II;Mısır sultânı;Hanedan;;;;;Erkek;;;;;;Hayır;;;;;;;;;;;;;;;;;;
172;Mehmed II;Şam nâyibi;-;;;;;Erkek;;;;asi;Olumsuz;Hayır;;;;;;;;;;;;;;;;;;
172;Mehmed II;Şâhsüvâr;Beg;;;;;Erkek;;;;;;Hayır;;;;;;;;;;;;;;;;;;
172;Mehmed II;Rûm pâdişâhı;Hanedan;;;;;Erkek;;;;;;Hayır;;;;;;;;;;;;;;;;;;
172;Mehmed II;Mehmed II;Hanedan;;;;;Erkek;;;;;;Evet;;;;;;;;;;;;;;;;;;
173;Mehmed II;Rûm pâdişâhınun ilçisi;-;;;;;Erkek;;;;;;Hayır;;;;;;;;;;;;;;;;;;
173;Mehmed II;Mısır pâdişâhı;Hanedan;;;;;Erkek;;;;;;Hayır;;;;;;;;;;;;;;;;;;
173;Mehmed II;Kapucıbaşı;-;;;;;Erkek;;;;;;Evet;;;;;;;;;;;;;;;;;;
173;Mehmed II;Hôşkadem;Hanedan;;;;;Erkek;;;;;;Hayır;;;;;;;;;;;;;;;;;;
174;Mehmed II;Kayıtbay;Hanedan;;;;;Erkek;;;;;;Hayır;;;;;;;;;;;;;;;;;;
174;Mehmed II;Rûm pâdişâhı;Hanedan;;;;;Erkek;;;;;;Hayır;;;;;;;;;;;;;;;;;;
174;Mehmed II;Mısır sultânı;Hanedan;;;;;Erkek;;;;;;Hayır;;;;;;;;;;;;;;;;;;
174;Mehmed II;Şâhsüvâr;Beg;;;;;Erkek;;;;;;Hayır;;;çengel;;;;;;;;;;;;;;;
174;Mehmed II;Şâm nâyibi;-;;;;;Erkek;;;;;;Hayır;;;;;;;;;;;;;;;;;;
174;Mehmed II;Budak Beg;Beg;;;;;Erkek;;;;;;Hayır;;;;;;;;;;;;;;;;;;
175;Mehmed II;Şâhsüvâr;Beg;;;;;Erkek;;;;;;Hayır;;;;;;;;;;;;;;;;;;
175;Mehmed II;Budak Beg;Beg;;;;;Erkek;;;;;;Hayır;;;;;;;;;;;;;;;;;;
175;Mehmed II;Rûm pâdişâhı;Hanedan;;;;;Erkek;;;;;;Hayır;;;;;;;;;;;;;;;;;;
175;Mehmed II;Alâeddev;Hanedan;;Rum padişahının kardeşi;;;Erkek;;;;;;Hayır;;;;;;;;;;;;;;;;;;
175;Mehmed II;Sis'ün nâyibi;-;;;;;Erkek;;;;;;Hayır;;;;;;;;;;;;;;;;;;
175;Mehmed II;Kapucıbaşı;-;;;;;Erkek;;;;;;Evet;;;;;;;;;;;;;;;;;;
176;Mehmed II;Kayıtbay;Hanedan;;;;;Erkek;;;;;;Hayır;;;;;;;;;;;;;;;;;;
176;Mehmed II;Mısır sultânı;Hanedan;;;;;Erkek;;;;;;Hayır;;;;;;;;;;;;;;;;;;
176;Mehmed II;Mehmed II;Hanedan;;;;;Erkek;;;;melûl;Olumsuz;Evet;;;;;;;;;;;;;;;;;;
176;Bayezid II;Bayezid II;Hanedan;;;;;Erkek;;;;;;Evet;;;;;;;;;;;;;;;;;;
177;Bayezid II;Bayezid II;Hanedan;;;;;Erkek;;;;;;Evet;;;;;;;;;;;;;;;;;;
177;Bayezid II;Mehmed II;Hanedan;;;;;Erkek;;;;;;Evet;;;;;;;;;;;;;;;;;;
177;Bayezid II;Cem Sultan;Hanedan;;Fatih Sultan Medmed'in oğlu;Bayezid'in kardeşi;;Erkek;;;;;;Evet;;;;;;;;;;;;;;;;;;
177;Bayezid II;Alâeddev;Hanedan;;;;;Erkek;;;;;;Hayır;;;;;;;;;;;;;;;;;;
177;Bayezid II;Rûm pâdişâhı;Hanedan;;;;;Erkek;;;;;;Hayır;;;;;;;;;;;;;;;;;;
177;Bayezid II;Ulu hâcibi;-;;;;;Erkek;;;;;;Hayır;;;;;;;;;;;;;;;;;;
177;Bayezid II;Rûm kal'a begi;Beg;;;;;Erkek;;;;;;Hayır;;;;;;;;;;;;;;;;;;
177;Bayezid II;Bere begi;Beg;;;;;Erkek;;;;;;Hayır;;;;;;;;;;;;;;;;;;
177;Bayezid II;Anteb begi;Beg;;;;;Erkek;;;;;;Hayır;;;;;;;;;;;;;;;;;;
178;Bayezid II;Karaman beglerbegisi;Beglerbegi;;;;;Erkek;;;;;;Hayır;;;;;;;;;;;;;;;;;;
178;Bayezid II;Karagöz Beg;Beg;;;;;Erkek;;;;;;Evet;;;;;;;;;;;;;;;;;;
178;Bayezid II;Pâdişâh-ı Rûm;Hanedan;;;;;Erkek;;;;;;Hayır;;;;;;;;;;;;;;;;;;
179;Bayezid II;Mısır sultânı;Hanedan;;;;;Erkek;;;;;;Hayır;;;;;;;;;;;;;;;;;;
179;Bayezid II;Rûm pâdişâhı;Hanedan;;;;;Erkek;;;;;;Hayır;;;;;;;;;;;;;;;;;;
179;Bayezid II;Turgudoglı;Beg;;;;;Erkek;;;;;;Hayır;;;;;;;;;;;;;;;;;;
179;Bayezid II;Gündüzoglı Muhammed Beg;Beg;;;;;Erkek;;;;;;Hayır;;;baş kesme;;;;;;;;;;;;;;;
179;Bayezid II;Üzeyiroglı Mekkî Beg;Beg;;;;;Erkek;;;;;;Hayır;;;;;;;;;;;;;;;;;;
179;Bayezid II;Ramazânoglı 'Ömer Beg;Beg;;;;;Erkek;;;;;;Hayır;;;;;;;;;;;;;;;;;;
179;Bayezid II;Anatolı beglerbegisi;Beglerbegi;;;;;Erkek;;;;;;Evet;;;;;;;;;;;;;;;;;;
179;Bayezid II;Mûsâ Beg;Beg;;;;;Erkek;;;;;;Evet;;;;;;;;;;;;;;;;;;
179;Bayezid II;Mustafâ Beg;Beg;;;;;Erkek;;;;;;Evet;;;;;;;;;;;;;;;;;;
179;Bayezid II;Ferhâd;-;;;;;Erkek;;;;;;Evet;;;baş kesme;;;;;;;;;;;;;;;
180;Bayezid II;Rûm pâdişâhı;Hanedan;;;;;Erkek;;;;;;Hayır;;;;;;;;;;;;;;;;;;
180;Bayezid II;Anatolı beglerbegisi;Beglerbegi;;;;;Erkek;;;;;;Evet;;;;;;;;;;;;;;;;;;
180;Bayezid II;Hersekoglı Ahmed Paşa;Paşa;;;;;Erkek;;;;;;Hayır;;;;;;;;;;;;;;;;;;
180;Bayezid II;Bayezid II;Hanedan;;;;;Erkek;;;;;;Evet;;;;;;;;;;;;;;;;;;
181;Osman Gazi;Osmân-ı Gazi;Hanedan;;;;;Erkek;;;;;;Evet;;69;ayağında zahmet;;;;;;;;;;;;;;;
181;Orhan Gazi;Orhan-ı Gazi;Hanedan;;;;;Erkek;;;;;;Evet;;82;ayağında zahmet;;;;;;;;;;;;;;;
181;Murad I;Murad I;Hanedan;;;;;Erkek;;;;;;Evet;;68;ceng;;;;;;;;;;;;;;;
181;Bayezid I;Bayezid I;Hanedan;;;;;Erkek;;;;;;Evet;;60;ceng;;;;;;;;;;;;;;;
181;Mehmed II;Muhammed Gazi;Hanedan;;;;;Erkek;;;;;;Evet;;48;ishal;;;;;;;;;;;;;;;
181;Murad II;Murad II;Hanedan;;;;;Erkek;;;;;;Evet;;51;ayağında zahmet;;;;;;;;;;;;;;;
182;Bayezid II;Bayezid II;Hanedan;;;;;Erkek;;;;;;Evet;;;;;;;;;;;;;;;;;;
182;Bayezid II;Cem Sultan;Hanedan;;;;;Erkek;;;;;;Evet;;;zehirli ustura;;;;;;;;;;;;;;;
182;Bayezid II;Rînpapa;Papa;;;;;Erkek;;;;;;Hayır;;;;;;;;;;;;;;;;;;
183;Bayezid II;Bayezid II;Hanedan;;;;;Erkek;;;;;;Evet;;;;;;;;;;;;;;;;;;
183;Bayezid II;Hocazâde;Ulema;;;;;Erkek;;;;fâzıl;Olumlu;Evet;;;;;;;;;;;;;;;;;;
183;Bayezid II;Mevlânâ 'Aleddîn 'Azebî;Ulema;;;;;Erkek;;;;fâzıl;Olumlu;Evet;;;;;;;;;;;;;;;;;;
183;Bayezid II;Seyyidzâde Seyyid Hamîddîn;Ulema;;;;;Erkek;;;;fâzıl;Olumlu;Evet;;;;;;;;;;;;;;;;;;
183;Bayezid II;Mevlânâ Kestelî;Ulema;;;;;Erkek;;;;fâzıl;Olumlu;Evet;;;;;;;;;;;;;;;;;;
183;Bayezid II;Hatîbzâde;Ulema;;;;;Erkek;;;;fâzıl;Olumlu;Evet;;;;;;;;;;;;;;;;;;
183;Bayezid II;Ma'nisazâde;Ulema;;;;;Erkek;;;;fâzıl;Olumlu;Evet;;;;;;;;;;;;;;;;;;
183;Bayezid II;Hüsamzâde;Ulema;;;;;Erkek;;;;fâzıl;Olumlu;Evet;;;;;;;;;;;;;;;;;;
183;Bayezid II;Şeyh Mustafâzâde-yi Karamânî;Ulema;;;;;Erkek;;;;fâzıl;Olumlu;Evet;;;;;;;;;;;;;;;;;;
183;Bayezid II;Şeyh İlâhî Simâvî;Ulema;;;;;Erkek;;;;fâzıl;Olumlu;Evet;;;;;;;;;;;;;;;;;;
183;Bayezid II;Bayezid II;Hanedan;;;;;Erkek;;;;;;Evet;;;;;;;;;;;;;;;;;;